date,tenor,avg_yield,num_bonds_used,bond_names_used,min_remain_years,max_remain_years
2023-01-04,2Y,0.0367,6,JGB142(5)|JGB336(10)|JGB337(10)|JGB444(2)|JGB73(20)|JGB74(20),1.96,1.993
2023-01-04,5Y,0.249,2,JGB349(10)|JGB99(20),4.958,4.958
2023-01-04,10Y,0.5208,4,JGB WI(10)-01|JGB141(20)|JGB142(20)|JGB9(30),9.96,9.96
2023-01-04,20Y,1.29,1,JGB38(30),20.205,20.205
2023-01-04,30Y,1.585,1,JGB6(40),30.207,30.207
2023-01-04,40Y,1.691,1,JGB15(40),39.206,39.206
2023-01-05,2Y,0.031,6,JGB142(5)|JGB336(10)|JGB337(10)|JGB444(2)|JGB73(20)|JGB74(20),1.958,1.99
2023-01-05,5Y,0.245,2,JGB349(10)|JGB99(20),4.956,4.956
2023-01-05,10Y,0.5522,4,JGB WI(10)-01|JGB141(20)|JGB142(20)|JGB9(30),9.958,9.958
2023-01-05,20Y,1.328,1,JGB38(30),20.203,20.203
2023-01-05,30Y,1.62,1,JGB WI(30)-01,29.958,29.958
2023-01-05,40Y,1.717,1,JGB15(40),39.203,39.203
2023-01-06,2Y,0.0157,6,JGB142(5)|JGB336(10)|JGB337(10)|JGB444(2)|JGB73(20)|JGB74(20),1.955,1.988
2023-01-06,5Y,0.2295,2,JGB349(10)|JGB99(20),4.953,4.953
2023-01-06,10Y,0.5398,4,JGB141(20)|JGB142(20)|JGB369(10)|JGB9(30),9.955,9.955
2023-01-06,20Y,1.299,1,JGB38(30),20.2,20.2
2023-01-06,30Y,1.596,1,JGB WI(30)-01,29.955,29.955
2023-01-06,40Y,1.699,1,JGB15(40),39.201,39.201
2023-01-10,2Y,0.0103,6,JGB142(5)|JGB336(10)|JGB337(10)|JGB444(2)|JGB73(20)|JGB74(20),1.944,1.977
2023-01-10,5Y,0.2187,3,JGB WI(5)-01|JGB349(10)|JGB99(20),4.942,4.942
2023-01-10,10Y,0.5375,4,JGB141(20)|JGB142(20)|JGB369(10)|JGB9(30),9.944,9.944
2023-01-10,20Y,1.285,1,JGB38(30),20.189,20.189
2023-01-10,30Y,1.585,1,JGB WI(30)-01,29.944,29.944
2023-01-10,40Y,1.688,1,JGB15(40),39.19,39.19
2023-01-11,2Y,0.0225,6,JGB142(5)|JGB336(10)|JGB337(10)|JGB444(2)|JGB73(20)|JGB74(20),1.941,1.974
2023-01-11,5Y,0.2487,3,JGB WI(5)-01|JGB349(10)|JGB99(20),4.939,4.939
2023-01-11,10Y,0.5667,4,JGB141(20)|JGB142(20)|JGB369(10)|JGB9(30),9.941,9.941
2023-01-11,20Y,1.332,1,JGB38(30),20.186,20.186
2023-01-11,30Y,1.626,1,JGB WI(30)-01,29.941,29.941
2023-01-11,40Y,1.724,1,JGB15(40),39.187,39.187
2023-01-12,2Y,0.0222,6,JGB142(5)|JGB336(10)|JGB337(10)|JGB444(2)|JGB73(20)|JGB74(20),1.938,1.971
2023-01-12,5Y,0.2527,3,JGB WI(5)-01|JGB349(10)|JGB99(20),4.936,4.936
2023-01-12,10Y,0.5702,4,JGB141(20)|JGB142(20)|JGB369(10)|JGB9(30),9.938,9.938
2023-01-12,20Y,1.318,1,JGB38(30),20.183,20.183
2023-01-12,30Y,1.608,1,JGB77(30),29.938,29.938
2023-01-12,40Y,1.71,1,JGB15(40),39.184,39.184
2023-01-13,2Y,0.0367,6,JGB142(5)|JGB336(10)|JGB337(10)|JGB444(2)|JGB73(20)|JGB74(20),1.936,1.969
2023-01-13,5Y,0.298,3,JGB WI(5)-01|JGB349(10)|JGB99(20),4.934,4.934
2023-01-13,10Y,0.6158,4,JGB141(20)|JGB142(20)|JGB369(10)|JGB9(30),9.936,9.936
2023-01-13,20Y,1.38,1,JGB WI(20)-01,19.934,19.934
2023-01-13,30Y,1.647,1,JGB77(30),29.936,29.936
2023-01-13,40Y,1.746,1,JGB15(40),39.181,39.181
2023-01-16,2Y,0.032,6,JGB142(5)|JGB336(10)|JGB337(10)|JGB444(2)|JGB73(20)|JGB74(20),1.927,1.96
2023-01-16,5Y,0.319,3,JGB155(5)|JGB349(10)|JGB99(20),4.925,4.925
2023-01-16,10Y,0.6385,4,JGB141(20)|JGB142(20)|JGB369(10)|JGB9(30),9.927,9.927
2023-01-16,20Y,1.365,1,JGB WI(20)-01,19.926,19.926
2023-01-16,30Y,1.608,1,JGB77(30),29.927,29.927
2023-01-16,40Y,1.713,1,JGB15(40),39.173,39.173
2023-01-17,2Y,0.032,6,JGB142(5)|JGB336(10)|JGB337(10)|JGB444(2)|JGB73(20)|JGB74(20),1.925,1.958
2023-01-17,5Y,0.3093,3,JGB155(5)|JGB349(10)|JGB99(20),4.923,4.923
2023-01-17,10Y,0.6238,4,JGB141(20)|JGB142(20)|JGB369(10)|JGB9(30),9.925,9.925
2023-01-17,20Y,1.343,1,JGB WI(20)-01,19.923,19.923
2023-01-17,30Y,1.557,1,JGB77(30),29.925,29.925
2023-01-17,40Y,1.661,1,JGB15(40),39.17,39.17
2023-01-18,2Y,0.0428,6,JGB142(5)|JGB336(10)|JGB337(10)|JGB444(2)|JGB73(20)|JGB74(20),1.922,1.955
2023-01-18,5Y,0.3187,3,JGB155(5)|JGB349(10)|JGB99(20),4.92,4.92
2023-01-18,10Y,0.6388,4,JGB141(20)|JGB142(20)|JGB369(10)|JGB9(30),9.922,9.922
2023-01-18,20Y,1.346,1,JGB WI(20)-01,19.921,19.921
2023-01-18,30Y,1.544,1,JGB77(30),29.922,29.922
2023-01-18,40Y,1.622,1,JGB15(40),39.168,39.168
2023-01-19,2Y,0.0058,6,JGB142(5)|JGB336(10)|JGB337(10)|JGB444(2)|JGB73(20)|JGB74(20),1.919,1.952
2023-01-19,5Y,0.2267,3,JGB155(5)|JGB349(10)|JGB99(20),4.917,4.917
2023-01-19,10Y,0.5625,4,JGB141(20)|JGB142(20)|JGB369(10)|JGB9(30),9.919,9.919
2023-01-19,20Y,1.33,1,JGB WI(20)-01,19.918,19.918
2023-01-19,30Y,1.531,1,JGB77(30),29.919,29.919
2023-01-19,40Y,1.611,1,JGB15(40),39.165,39.165
2023-01-20,2Y,0.0,1,JGB444(2),1.949,1.949
2023-01-20,5Y,0.2127,3,JGB155(5)|JGB349(10)|JGB99(20),4.914,4.914
2023-01-20,10Y,0.539,4,JGB141(20)|JGB142(20)|JGB369(10)|JGB9(30),9.916,9.916
2023-01-20,20Y,1.309,1,JGB183(20),19.915,19.915
2023-01-20,30Y,1.553,1,JGB77(30),29.916,29.916
2023-01-20,40Y,1.6455,2,JGB WI(40)-01|JGB15(40),39.162,39.162
2023-01-23,2Y,-0.005,1,JGB444(2),1.941,1.941
2023-01-23,5Y,0.1877,3,JGB155(5)|JGB349(10)|JGB99(20),4.906,4.906
2023-01-23,10Y,0.4965,4,JGB141(20)|JGB142(20)|JGB369(10)|JGB9(30),9.908,9.908
2023-01-23,20Y,1.291,1,JGB183(20),19.907,19.907
2023-01-23,30Y,1.557,1,JGB77(30),29.908,29.908
2023-01-23,40Y,1.6595,2,JGB WI(40)-01|JGB15(40),39.154,39.154
2023-01-24,2Y,-0.015,1,JGB444(2),1.938,1.938
2023-01-24,5Y,0.158,3,JGB155(5)|JGB349(10)|JGB99(20),4.903,4.903
2023-01-24,10Y,0.4403,4,JGB141(20)|JGB142(20)|JGB369(10)|JGB9(30),9.906,9.906
2023-01-24,20Y,1.268,1,JGB183(20),19.904,19.904
2023-01-24,30Y,1.557,1,JGB77(30),29.906,29.906
2023-01-24,40Y,1.6655,2,JGB WI(40)-01|JGB15(40),39.151,39.151
2023-01-25,2Y,-0.005,2,JGB WI(2)-02|JGB444(2),1.936,2.021
2023-01-25,5Y,0.1747,3,JGB155(5)|JGB349(10)|JGB99(20),4.901,4.901
2023-01-25,10Y,0.4657,4,JGB141(20)|JGB142(20)|JGB369(10)|JGB9(30),9.903,9.903
2023-01-25,20Y,1.277,1,JGB183(20),19.901,19.901
2023-01-25,30Y,1.539,1,JGB77(30),29.903,29.903
2023-01-25,40Y,1.6485,2,JGB WI(40)-01|JGB15(40),39.149,39.149
2023-01-26,2Y,-0.01,2,JGB WI(2)-02|JGB444(2),1.933,2.018
2023-01-26,5Y,0.1787,3,JGB155(5)|JGB349(10)|JGB99(20),4.898,4.898
2023-01-26,10Y,0.5,4,JGB141(20)|JGB142(20)|JGB369(10)|JGB9(30),9.9,9.9
2023-01-26,20Y,1.295,1,JGB183(20),19.899,19.899
2023-01-26,30Y,1.531,1,JGB77(30),29.9,29.9
2023-01-26,40Y,1.6385,2,JGB WI(40)-01|JGB15(40),39.146,39.146
2023-01-27,2Y,-0.0075,2,JGB WI(2)-02|JGB444(2),1.93,2.015
2023-01-27,5Y,0.179,3,JGB155(5)|JGB349(10)|JGB99(20),4.895,4.895
2023-01-27,10Y,0.5172,5,JGB WI(10)-02|JGB141(20)|JGB142(20)|JGB369(10)|JGB9(30),9.897,9.897
2023-01-27,20Y,1.309,1,JGB183(20),19.896,19.896
2023-01-27,30Y,1.522,1,JGB77(30),29.897,29.897
2023-01-27,40Y,1.619,1,JGB15(40),39.143,39.143
2023-01-30,2Y,0.0025,2,JGB WI(2)-02|JGB444(2),1.922,2.007
2023-01-30,5Y,0.1897,3,JGB155(5)|JGB349(10)|JGB99(20),4.887,4.887
2023-01-30,10Y,0.5734,5,JGB WI(10)-02|JGB141(20)|JGB142(20)|JGB369(10)|JGB9(30),9.889,9.889
2023-01-30,20Y,1.373,1,JGB183(20),19.888,19.888
2023-01-30,30Y,1.57,1,JGB77(30),29.889,29.889
2023-01-30,40Y,1.644,1,JGB15(40),39.135,39.135
2023-01-31,2Y,-0.0025,2,JGB WI(2)-02|JGB444(2),1.919,2.004
2023-01-31,5Y,0.1763,3,JGB155(5)|JGB349(10)|JGB99(20),4.884,4.884
2023-01-31,10Y,0.5656,5,JGB WI(10)-02|JGB141(20)|JGB142(20)|JGB369(10)|JGB9(30),9.886,9.886
2023-01-31,20Y,1.382,1,JGB183(20),19.885,19.885
2023-01-31,30Y,1.591,1,JGB77(30),29.886,29.886
2023-01-31,40Y,1.67,1,JGB15(40),39.132,39.132
2023-02-01,2Y,-0.009,1,JGB445(2),2.001,2.001
2023-02-01,5Y,0.1867,3,JGB155(5)|JGB349(10)|JGB99(20),4.882,4.882
2023-02-01,10Y,0.5912,5,JGB WI(10)-02|JGB141(20)|JGB142(20)|JGB369(10)|JGB9(30),9.884,9.884
2023-02-01,20Y,1.382,1,JGB183(20),19.882,19.882
2023-02-01,30Y,1.5955,2,JGB WI(30)-02|JGB77(30),29.884,29.884
2023-02-01,40Y,1.681,1,JGB15(40),39.129,39.129
2023-02-02,2Y,-0.019,1,JGB445(2),1.999,1.999
2023-02-02,5Y,0.181,3,JGB155(5)|JGB349(10)|JGB99(20),4.879,4.879
2023-02-02,10Y,0.5614,5,JGB WI(10)-02|JGB141(20)|JGB142(20)|JGB369(10)|JGB9(30),9.881,9.881
2023-02-02,20Y,1.345,1,JGB183(20),19.88,19.88
2023-02-02,30Y,1.564,2,JGB WI(30)-02|JGB77(30),29.881,29.881
2023-02-02,40Y,1.648,1,JGB15(40),39.127,39.127
2023-02-03,2Y,-0.02,1,JGB445(2),1.996,1.996
2023-02-03,5Y,0.1793,3,JGB155(5)|JGB349(10)|JGB99(20),4.876,4.876
2023-02-03,10Y,0.566,4,JGB141(20)|JGB142(20)|JGB369(10)|JGB9(30),9.878,9.878
2023-02-03,20Y,1.314,2,JGB183(20)|JGB38(30),19.877,20.123
2023-02-03,30Y,1.525,2,JGB WI(30)-02|JGB77(30),29.878,29.878
2023-02-03,40Y,1.604,1,JGB15(40),39.124,39.124
2023-02-06,2Y,-0.03,1,JGB445(2),1.988,1.988
2023-02-06,5Y,0.174,3,JGB100(20)|JGB101(20)|JGB350(10),5.117,5.117
2023-02-06,10Y,0.574,3,JGB10(30)|JGB143(20)|JGB144(20),10.116,10.116
2023-02-06,20Y,1.299,1,JGB38(30),20.115,20.115
2023-02-06,30Y,1.531,1,JGB6(40),30.116,30.116
2023-02-06,40Y,1.604,1,JGB15(40),39.116,39.116
2023-02-07,2Y,-0.025,1,JGB445(2),1.985,1.985
2023-02-07,5Y,0.1883,3,JGB100(20)|JGB101(20)|JGB350(10),5.114,5.114
2023-02-07,10Y,0.6033,3,JGB10(30)|JGB143(20)|JGB144(20),10.114,10.114
2023-02-07,20Y,1.327,1,JGB38(30),20.112,20.112
2023-02-07,30Y,1.54,1,JGB6(40),30.114,30.114
2023-02-07,40Y,1.608,1,JGB15(40),39.113,39.113
2023-02-08,2Y,-0.03,1,JGB445(2),1.982,1.982
2023-02-08,5Y,0.1997,3,JGB100(20)|JGB101(20)|JGB350(10),5.112,5.112
2023-02-08,10Y,0.6087,3,JGB10(30)|JGB143(20)|JGB144(20),10.111,10.111
2023-02-08,20Y,1.332,1,JGB38(30),20.11,20.11
2023-02-08,30Y,1.562,1,JGB6(40),30.111,30.111
2023-02-08,40Y,1.634,1,JGB15(40),39.11,39.11
2023-02-09,2Y,-0.03,1,JGB445(2),1.979,1.979
2023-02-09,5Y,0.2097,3,JGB100(20)|JGB101(20)|JGB350(10),5.109,5.109
2023-02-09,10Y,0.609,3,JGB10(30)|JGB143(20)|JGB144(20),10.108,10.108
2023-02-09,20Y,1.322,1,JGB38(30),20.107,20.107
2023-02-09,30Y,1.545,1,JGB6(40),30.108,30.108
2023-02-09,40Y,1.619,1,JGB15(40),39.107,39.107
2023-02-10,2Y,-0.035,1,JGB445(2),1.977,1.977
2023-02-10,5Y,0.2257,3,JGB100(20)|JGB101(20)|JGB350(10),5.106,5.106
2023-02-10,10Y,0.6187,3,JGB10(30)|JGB143(20)|JGB144(20),10.105,10.105
2023-02-10,20Y,1.327,1,JGB38(30),20.104,20.104
2023-02-10,30Y,1.54,1,JGB6(40),30.105,30.105
2023-02-10,40Y,1.614,1,JGB15(40),39.105,39.105
2023-02-13,2Y,-0.045,1,JGB445(2),1.969,1.969
2023-02-13,5Y,0.23,3,JGB100(20)|JGB101(20)|JGB350(10),5.098,5.098
2023-02-13,10Y,0.6337,3,JGB10(30)|JGB143(20)|JGB144(20),10.097,10.097
2023-02-13,20Y,1.351,1,JGB38(30),20.096,20.096
2023-02-13,30Y,1.562,1,JGB6(40),30.097,30.097
2023-02-13,40Y,1.634,1,JGB15(40),39.097,39.097
2023-02-14,2Y,-0.055,1,JGB445(2),1.966,1.966
2023-02-14,5Y,0.2157,3,JGB100(20)|JGB101(20)|JGB350(10),5.095,5.095
2023-02-14,10Y,0.639,3,JGB10(30)|JGB143(20)|JGB144(20),10.094,10.094
2023-02-14,20Y,1.318,1,JGB38(30),20.093,20.093
2023-02-14,30Y,1.509,1,JGB6(40),30.094,30.094
2023-02-14,40Y,1.582,1,JGB15(40),39.094,39.094
2023-02-15,2Y,-0.056,1,JGB445(2),1.963,1.963
2023-02-15,5Y,0.2143,3,JGB100(20)|JGB101(20)|JGB350(10),5.092,5.092
2023-02-15,10Y,0.629,3,JGB10(30)|JGB143(20)|JGB144(20),10.092,10.092
2023-02-15,20Y,1.304,1,JGB38(30),20.09,20.09
2023-02-15,30Y,1.504,1,JGB6(40),30.092,30.092
2023-02-15,40Y,1.578,1,JGB15(40),39.091,39.091
2023-02-16,2Y,-0.051,1,JGB445(2),1.96,1.96
2023-02-16,5Y,0.2193,3,JGB100(20)|JGB101(20)|JGB350(10),5.09,5.09
2023-02-16,10Y,0.6237,3,JGB10(30)|JGB143(20)|JGB144(20),10.089,10.089
2023-02-16,20Y,1.294,1,JGB38(30),20.088,20.088
2023-02-16,30Y,1.482,1,JGB6(40),30.089,30.089
2023-02-16,40Y,1.555,1,JGB15(40),39.088,39.088
2023-02-17,2Y,-0.046,1,JGB445(2),1.958,1.958
2023-02-17,5Y,0.225,3,JGB100(20)|JGB101(20)|JGB350(10),5.087,5.087
2023-02-17,10Y,0.646,3,JGB10(30)|JGB143(20)|JGB144(20),10.086,10.086
2023-02-17,20Y,1.309,1,JGB38(30),20.085,20.085
2023-02-17,30Y,1.486,1,JGB6(40),30.086,30.086
2023-02-17,40Y,1.548,1,JGB15(40),39.086,39.086
2023-02-20,2Y,-0.0463,6,JGB143(5)|JGB338(10)|JGB445(2)|JGB75(20)|JGB76(20)|JGB77(20),1.949,2.078
2023-02-20,5Y,0.23,3,JGB100(20)|JGB101(20)|JGB350(10),5.079,5.079
2023-02-20,10Y,0.674,3,JGB10(30)|JGB143(20)|JGB144(20),10.078,10.078
2023-02-20,20Y,1.324,1,JGB38(30),20.077,20.077
2023-02-20,30Y,1.501,1,JGB6(40),30.078,30.078
2023-02-20,40Y,1.555,1,JGB15(40),39.077,39.077
2023-02-21,2Y,-0.0428,6,JGB143(5)|JGB338(10)|JGB445(2)|JGB75(20)|JGB76(20)|JGB77(20),1.947,2.075
2023-02-21,5Y,0.235,3,JGB100(20)|JGB101(20)|JGB350(10),5.076,5.076
2023-02-21,10Y,0.6793,3,JGB10(30)|JGB143(20)|JGB144(20),10.075,10.075
2023-02-21,20Y,1.332,1,JGB38(30),20.074,20.074
2023-02-21,30Y,1.504,1,JGB6(40),30.075,30.075
2023-02-21,40Y,1.552,1,JGB15(40),39.075,39.075
2023-02-22,2Y,-0.0263,7,JGB WI(2)-03|JGB143(5)|JGB338(10)|JGB445(2)|JGB75(20)|JGB76(20)|JGB77(20),1.944,2.073
2023-02-22,5Y,0.2553,3,JGB100(20)|JGB101(20)|JGB350(10),5.073,5.073
2023-02-22,10Y,0.6943,3,JGB10(30)|JGB143(20)|JGB144(20),10.073,10.073
2023-02-22,20Y,1.327,1,JGB38(30),20.071,20.071
2023-02-22,30Y,1.5,1,JGB6(40),30.073,30.073
2023-02-22,40Y,1.552,1,JGB15(40),39.072,39.072
2023-02-24,2Y,-0.0249,7,JGB WI(2)-03|JGB143(5)|JGB338(10)|JGB445(2)|JGB75(20)|JGB76(20)|JGB77(20),1.938,2.067
2023-02-24,5Y,0.261,3,JGB100(20)|JGB101(20)|JGB350(10),5.068,5.068
2023-02-24,10Y,0.689,3,JGB10(30)|JGB143(20)|JGB144(20),10.067,10.067
2023-02-24,20Y,1.313,1,JGB38(30),20.066,20.066
2023-02-24,30Y,1.468,1,JGB6(40),30.067,30.067
2023-02-24,40Y,1.514,1,JGB15(40),39.066,39.066
2023-02-27,2Y,-0.0253,7,JGB WI(2)-03|JGB143(5)|JGB338(10)|JGB445(2)|JGB75(20)|JGB76(20)|JGB77(20),1.93,2.059
2023-02-27,5Y,0.235,3,JGB100(20)|JGB101(20)|JGB350(10),5.06,5.06
2023-02-27,10Y,0.651,3,JGB10(30)|JGB143(20)|JGB144(20),10.059,10.059
2023-02-27,20Y,1.292,1,JGB38(30),20.057,20.057
2023-02-27,30Y,1.459,1,JGB6(40),30.059,30.059
2023-02-27,40Y,1.511,1,JGB15(40),39.058,39.058
2023-02-28,2Y,-0.0239,7,JGB WI(2)-03|JGB143(5)|JGB338(10)|JGB445(2)|JGB75(20)|JGB76(20)|JGB77(20),1.927,2.056
2023-02-28,5Y,0.2407,3,JGB100(20)|JGB101(20)|JGB350(10),5.057,5.057
2023-02-28,10Y,0.659,3,JGB10(30)|JGB143(20)|JGB144(20),10.056,10.056
2023-02-28,20Y,1.28,1,JGB38(30),20.055,20.055
2023-02-28,30Y,1.45,1,JGB6(40),30.056,30.056
2023-02-28,40Y,1.507,1,JGB15(40),39.055,39.055
2023-03-01,2Y,-0.0353,7,JGB143(5)|JGB338(10)|JGB445(2)|JGB446(2)|JGB75(20)|JGB76(20)|JGB77(20),1.925,2.053
2023-03-01,5Y,0.224,3,JGB100(20)|JGB101(20)|JGB350(10),5.054,5.054
2023-03-01,10Y,0.5993,3,JGB10(30)|JGB143(20)|JGB144(20),10.053,10.053
2023-03-01,20Y,1.208,1,JGB38(30),20.052,20.052
2023-03-01,30Y,1.393,1,JGB6(40),30.053,30.053
2023-03-01,40Y,1.426,1,JGB15(40),39.053,39.053
2023-03-02,2Y,-0.0457,7,JGB143(5)|JGB338(10)|JGB445(2)|JGB446(2)|JGB75(20)|JGB76(20)|JGB77(20),1.922,2.051
2023-03-02,5Y,0.2147,3,JGB100(20)|JGB101(20)|JGB350(10),5.051,5.051
2023-03-02,10Y,0.604,3,JGB10(30)|JGB143(20)|JGB144(20),10.051,10.051
2023-03-02,20Y,1.203,1,JGB38(30),20.049,20.049
2023-03-02,30Y,1.39,1,JGB6(40),30.051,30.051
2023-03-02,40Y,1.423,1,JGB15(40),39.05,39.05
2023-03-03,2Y,-0.0511,7,JGB143(5)|JGB338(10)|JGB445(2)|JGB446(2)|JGB75(20)|JGB76(20)|JGB77(20),1.919,2.048
2023-03-03,5Y,0.2147,3,JGB100(20)|JGB101(20)|JGB350(10),5.049,5.049
2023-03-03,10Y,0.6337,3,JGB10(30)|JGB143(20)|JGB144(20),10.048,10.048
2023-03-03,20Y,1.232,1,JGB38(30),20.047,20.047
2023-03-03,30Y,1.418,1,JGB6(40),30.048,30.048
2023-03-03,40Y,1.457,1,JGB15(40),39.047,39.047
2023-03-06,2Y,-0.0548,6,JGB143(5)|JGB338(10)|JGB446(2)|JGB75(20)|JGB76(20)|JGB77(20),1.988,2.04
2023-03-06,5Y,0.205,3,JGB100(20)|JGB101(20)|JGB350(10),5.04,5.04
2023-03-06,10Y,0.6367,3,JGB10(30)|JGB143(20)|JGB144(20),10.04,10.04
2023-03-06,20Y,1.25,1,JGB38(30),20.038,20.038
2023-03-06,30Y,1.444,1,JGB6(40),30.04,30.04
2023-03-06,40Y,1.492,1,JGB15(40),39.039,39.039
2023-03-07,2Y,-0.0498,6,JGB143(5)|JGB338(10)|JGB446(2)|JGB75(20)|JGB76(20)|JGB77(20),1.985,2.037
2023-03-07,5Y,0.2217,3,JGB100(20)|JGB101(20)|JGB350(10),5.038,5.038
2023-03-07,10Y,0.6637,3,JGB10(30)|JGB143(20)|JGB144(20),10.037,10.037
2023-03-07,20Y,1.251,1,JGB38(30),20.036,20.036
2023-03-07,30Y,1.44,1,JGB6(40),30.037,30.037
2023-03-07,40Y,1.488,1,JGB15(40),39.036,39.036
2023-03-08,2Y,-0.0543,6,JGB143(5)|JGB338(10)|JGB446(2)|JGB75(20)|JGB76(20)|JGB77(20),1.982,2.034
2023-03-08,5Y,0.2143,3,JGB100(20)|JGB101(20)|JGB350(10),5.035,5.035
2023-03-08,10Y,0.6473,3,JGB10(30)|JGB143(20)|JGB144(20),10.034,10.034
2023-03-08,20Y,1.261,1,JGB38(30),20.033,20.033
2023-03-08,30Y,1.45,1,JGB6(40),30.034,30.034
2023-03-08,40Y,1.503,1,JGB15(40),39.034,39.034
2023-03-09,2Y,-0.0543,6,JGB143(5)|JGB338(10)|JGB446(2)|JGB75(20)|JGB76(20)|JGB77(20),1.979,2.031
2023-03-09,5Y,0.2177,3,JGB100(20)|JGB101(20)|JGB350(10),5.032,5.032
2023-03-09,10Y,0.649,3,JGB10(30)|JGB143(20)|JGB144(20),10.031,10.031
2023-03-09,20Y,1.27,1,JGB38(30),20.03,20.03
2023-03-09,30Y,1.477,1,JGB6(40),30.031,30.031
2023-03-09,40Y,1.537,1,JGB15(40),39.031,39.031
2023-03-10,2Y,-0.0305,6,JGB143(5)|JGB338(10)|JGB446(2)|JGB75(20)|JGB76(20)|JGB77(20),1.977,2.029
2023-03-10,5Y,0.2447,3,JGB100(20)|JGB101(20)|JGB350(10),5.029,5.029
2023-03-10,10Y,0.6787,3,JGB10(30)|JGB143(20)|JGB144(20),10.029,10.029
2023-03-10,20Y,1.284,1,JGB38(30),20.027,20.027
2023-03-10,30Y,1.477,1,JGB6(40),30.029,30.029
2023-03-10,40Y,1.545,1,JGB15(40),39.028,39.028
2023-03-13,2Y,-0.0402,6,JGB143(5)|JGB338(10)|JGB446(2)|JGB75(20)|JGB76(20)|JGB77(20),1.969,2.021
2023-03-13,5Y,0.2093,3,JGB100(20)|JGB101(20)|JGB350(10),5.021,5.021
2023-03-13,10Y,0.5893,3,JGB10(30)|JGB143(20)|JGB144(20),10.021,10.021
2023-03-13,20Y,1.227,1,JGB38(30),20.019,20.019
2023-03-13,30Y,1.421,1,JGB6(40),30.021,30.021
2023-03-13,40Y,1.499,1,JGB15(40),39.02,39.02
2023-03-14,2Y,-0.04,6,JGB143(5)|JGB338(10)|JGB446(2)|JGB75(20)|JGB76(20)|JGB77(20),1.966,2.018
2023-03-14,5Y,0.1873,3,JGB100(20)|JGB101(20)|JGB350(10),5.018,5.018
2023-03-14,10Y,0.5237,3,JGB10(30)|JGB143(20)|JGB144(20),10.018,10.018
2023-03-14,20Y,1.141,1,JGB38(30),20.016,20.016
2023-03-14,30Y,1.338,1,JGB6(40),30.018,30.018
2023-03-14,40Y,1.415,1,JGB15(40),39.017,39.017
2023-03-15,2Y,-0.0568,6,JGB143(5)|JGB338(10)|JGB446(2)|JGB75(20)|JGB76(20)|JGB77(20),1.963,2.015
2023-03-15,5Y,0.1313,3,JGB100(20)|JGB101(20)|JGB350(10),5.016,5.016
2023-03-15,10Y,0.404,3,JGB10(30)|JGB143(20)|JGB144(20),10.015,10.015
2023-03-15,20Y,1.023,1,JGB38(30),20.014,20.014
2023-03-15,30Y,1.209,1,JGB6(40),30.015,30.015
2023-03-15,40Y,1.291,1,JGB15(40),39.014,39.014
2023-03-16,2Y,-0.0652,6,JGB143(5)|JGB338(10)|JGB446(2)|JGB75(20)|JGB76(20)|JGB77(20),1.96,2.012
2023-03-16,5Y,0.144,3,JGB100(20)|JGB101(20)|JGB350(10),5.013,5.013
2023-03-16,10Y,0.4457,3,JGB10(30)|JGB143(20)|JGB144(20),10.012,10.012
2023-03-16,20Y,1.112,1,JGB38(30),20.011,20.011
2023-03-16,30Y,1.327,1,JGB6(40),30.012,30.012
2023-03-16,40Y,1.411,1,JGB15(40),39.012,39.012
2023-03-17,2Y,-0.0853,6,JGB143(5)|JGB338(10)|JGB446(2)|JGB75(20)|JGB76(20)|JGB77(20),1.958,2.01
2023-03-17,5Y,0.1173,3,JGB100(20)|JGB101(20)|JGB350(10),5.01,5.01
2023-03-17,10Y,0.399,3,JGB10(30)|JGB143(20)|JGB144(20),10.01,10.01
2023-03-17,20Y,1.078,1,JGB38(30),20.008,20.008
2023-03-17,30Y,1.316,1,JGB6(40),30.01,30.01
2023-03-17,40Y,1.403,1,JGB15(40),39.009,39.009
2023-03-20,2Y,-0.0943,6,JGB143(5)|JGB338(10)|JGB446(2)|JGB75(20)|JGB76(20)|JGB77(20),1.949,2.001
2023-03-20,5Y,0.1103,3,JGB100(20)|JGB101(20)|JGB350(10),5.002,5.002
2023-03-20,10Y,0.4087,3,JGB10(30)|JGB143(20)|JGB144(20),10.001,10.001
2023-03-20,20Y,1.097,1,JGB38(30),20.0,20.0
2023-03-20,30Y,1.335,1,JGB6(40),30.001,30.001
2023-03-20,40Y,1.422,1,JGB15(40),39.001,39.001
2023-03-22,2Y,-0.0943,6,JGB143(5)|JGB338(10)|JGB446(2)|JGB75(20)|JGB76(20)|JGB77(20),1.944,1.996
2023-03-22,5Y,0.0687,3,JGB100(20)|JGB101(20)|JGB350(10),4.997,4.997
2023-03-22,10Y,0.3523,3,JGB10(30)|JGB143(20)|JGB144(20),9.996,9.996
2023-03-22,20Y,1.025,1,JGB38(30),19.995,19.995
2023-03-22,30Y,1.283,1,JGB6(40),29.996,29.996
2023-03-22,40Y,1.38,2,JGB WI(40)-03|JGB15(40),38.995,38.995
2023-03-23,2Y,-0.0733,6,JGB143(5)|JGB338(10)|JGB446(2)|JGB75(20)|JGB76(20)|JGB77(20),1.941,1.993
2023-03-23,5Y,0.105,3,JGB100(20)|JGB101(20)|JGB350(10),4.994,4.994
2023-03-23,10Y,0.4143,3,JGB10(30)|JGB143(20)|JGB144(20),9.993,9.993
2023-03-23,20Y,1.101,1,JGB38(30),19.992,19.992
2023-03-23,30Y,1.348,1,JGB6(40),29.993,29.993
2023-03-23,40Y,1.4345,2,JGB WI(40)-03|JGB15(40),38.992,38.992
2023-03-24,2Y,-0.075,7,JGB WI(2)-04|JGB143(5)|JGB338(10)|JGB446(2)|JGB75(20)|JGB76(20)|JGB77(20),1.938,2.023
2023-03-24,5Y,0.084,3,JGB100(20)|JGB101(20)|JGB350(10),4.991,4.991
2023-03-24,10Y,0.388,3,JGB10(30)|JGB143(20)|JGB144(20),9.99,9.99
2023-03-24,20Y,1.092,1,JGB38(30),19.989,19.989
2023-03-24,30Y,1.358,1,JGB6(40),29.99,29.99
2023-03-24,40Y,1.45,2,JGB WI(40)-03|JGB15(40),38.99,38.99
2023-03-27,2Y,-0.0807,7,JGB WI(2)-04|JGB143(5)|JGB338(10)|JGB446(2)|JGB75(20)|JGB76(20)|JGB77(20),1.93,2.015
2023-03-27,5Y,0.0693,3,JGB100(20)|JGB101(20)|JGB350(10),4.983,4.983
2023-03-27,10Y,0.3727,3,JGB10(30)|JGB143(20)|JGB144(20),9.982,9.982
2023-03-27,20Y,1.087,1,JGB38(30),19.981,19.981
2023-03-27,30Y,1.367,1,JGB6(40),29.982,29.982
2023-03-27,40Y,1.4695,2,JGB WI(40)-03|JGB15(40),38.982,38.982
2023-03-28,2Y,-0.0811,7,JGB WI(2)-04|JGB143(5)|JGB338(10)|JGB446(2)|JGB75(20)|JGB76(20)|JGB77(20),1.927,2.012
2023-03-28,5Y,0.074,3,JGB100(20)|JGB101(20)|JGB350(10),4.98,4.98
2023-03-28,10Y,0.3827,3,JGB10(30)|JGB143(20)|JGB144(20),9.979,9.979
2023-03-28,20Y,1.107,1,JGB38(30),19.978,19.978
2023-03-28,30Y,1.386,1,JGB6(40),29.979,29.979
2023-03-28,40Y,1.504,2,JGB WI(40)-03|JGB15(40),38.979,38.979
2023-03-29,2Y,-0.076,7,JGB WI(2)-04|JGB143(5)|JGB338(10)|JGB446(2)|JGB75(20)|JGB76(20)|JGB77(20),1.925,2.01
2023-03-29,5Y,0.084,3,JGB100(20)|JGB101(20)|JGB350(10),4.977,4.977
2023-03-29,10Y,0.3838,4,JGB WI(10)-04|JGB10(30)|JGB143(20)|JGB144(20),9.977,9.977
2023-03-29,20Y,1.058,1,JGB38(30),19.975,19.975
2023-03-29,30Y,1.302,1,JGB6(40),29.977,29.977
2023-03-29,40Y,1.411,1,JGB15(40),38.976,38.976
2023-03-30,2Y,-0.0854,7,JGB WI(2)-04|JGB143(5)|JGB338(10)|JGB446(2)|JGB75(20)|JGB76(20)|JGB77(20),1.922,2.007
2023-03-30,5Y,0.0833,3,JGB100(20)|JGB101(20)|JGB350(10),4.975,4.975
2023-03-30,10Y,0.3822,4,JGB WI(10)-04|JGB10(30)|JGB143(20)|JGB144(20),9.974,9.974
2023-03-30,20Y,1.005,1,JGB38(30),19.973,19.973
2023-03-30,30Y,1.25,1,JGB6(40),29.974,29.974
2023-03-30,40Y,1.344,1,JGB15(40),38.973,38.973
2023-03-31,2Y,-0.0826,7,JGB143(5)|JGB338(10)|JGB446(2)|JGB447(2)|JGB75(20)|JGB76(20)|JGB77(20),1.919,2.004
2023-03-31,5Y,0.0937,3,JGB100(20)|JGB101(20)|JGB350(10),4.972,4.972
2023-03-31,10Y,0.4065,4,JGB WI(10)-04|JGB10(30)|JGB143(20)|JGB144(20),9.971,9.971
2023-03-31,20Y,1.024,1,JGB38(30),19.97,19.97
2023-03-31,30Y,1.2595,2,JGB WI(30)-04|JGB6(40),29.971,29.971
2023-03-31,40Y,1.348,1,JGB15(40),38.971,38.971
2023-04-03,2Y,-0.083,6,JGB143(5)|JGB338(10)|JGB447(2)|JGB75(20)|JGB76(20)|JGB77(20),1.963,1.996
2023-04-03,5Y,0.094,3,JGB100(20)|JGB101(20)|JGB350(10),4.964,4.964
2023-04-03,10Y,0.4353,4,JGB WI(10)-04|JGB10(30)|JGB143(20)|JGB144(20),9.963,9.963
2023-04-03,20Y,1.039,1,JGB38(30),19.962,19.962
2023-04-03,30Y,1.279,2,JGB WI(30)-04|JGB6(40),29.963,29.963
2023-04-03,40Y,1.352,1,JGB15(40),38.962,38.962
2023-04-04,2Y,-0.0672,6,JGB143(5)|JGB338(10)|JGB447(2)|JGB75(20)|JGB76(20)|JGB77(20),1.96,1.993
2023-04-04,5Y,0.125,3,JGB100(20)|JGB101(20)|JGB350(10),4.961,4.961
2023-04-04,10Y,0.471,4,JGB WI(10)-04|JGB10(30)|JGB143(20)|JGB144(20),9.96,9.96
2023-04-04,20Y,1.099,1,JGB38(30),19.959,19.959
2023-04-04,30Y,1.3395,2,JGB WI(30)-04|JGB6(40),29.96,29.96
2023-04-04,40Y,1.406,1,JGB15(40),38.96,38.96
2023-04-05,2Y,-0.0528,6,JGB143(5)|JGB338(10)|JGB447(2)|JGB75(20)|JGB76(20)|JGB77(20),1.958,1.99
2023-04-05,5Y,0.1603,4,JGB WI(5)-04|JGB100(20)|JGB101(20)|JGB350(10),4.958,4.958
2023-04-05,10Y,0.5015,4,JGB10(30)|JGB143(20)|JGB144(20)|JGB370(10),9.958,9.958
2023-04-05,20Y,1.132,1,JGB38(30),19.956,19.956
2023-04-05,30Y,1.385,2,JGB WI(30)-04|JGB6(40),29.958,29.958
2023-04-05,40Y,1.454,1,JGB15(40),38.957,38.957
2023-04-06,2Y,-0.056,6,JGB143(5)|JGB338(10)|JGB447(2)|JGB75(20)|JGB76(20)|JGB77(20),1.955,1.988
2023-04-06,5Y,0.1722,4,JGB WI(5)-04|JGB100(20)|JGB101(20)|JGB350(10),4.956,4.956
2023-04-06,10Y,0.499,4,JGB10(30)|JGB143(20)|JGB144(20)|JGB370(10),9.955,9.955
2023-04-06,20Y,1.136,1,JGB38(30),19.953,19.953
2023-04-06,30Y,1.385,2,JGB WI(30)-04|JGB6(40),29.955,29.955
2023-04-06,40Y,1.461,1,JGB15(40),38.954,38.954
2023-04-07,2Y,-0.0693,6,JGB143(5)|JGB338(10)|JGB447(2)|JGB75(20)|JGB76(20)|JGB77(20),1.952,1.985
2023-04-07,5Y,0.1665,4,JGB WI(5)-04|JGB100(20)|JGB101(20)|JGB350(10),4.953,4.953
2023-04-07,10Y,0.493,4,JGB10(30)|JGB143(20)|JGB144(20)|JGB370(10),9.952,9.952
2023-04-07,20Y,1.118,1,JGB38(30),19.951,19.951
2023-04-07,30Y,1.348,2,JGB6(40)|JGB78(30),29.952,29.952
2023-04-07,40Y,1.442,1,JGB15(40),38.951,38.951
2023-04-10,2Y,-0.0785,6,JGB143(5)|JGB338(10)|JGB447(2)|JGB75(20)|JGB76(20)|JGB77(20),1.944,1.977
2023-04-10,5Y,0.163,4,JGB WI(5)-04|JGB100(20)|JGB101(20)|JGB350(10),4.945,4.945
2023-04-10,10Y,0.4793,4,JGB10(30)|JGB143(20)|JGB144(20)|JGB370(10),9.944,9.944
2023-04-10,20Y,1.087,1,JGB38(30),19.943,19.943
2023-04-10,30Y,1.3165,2,JGB6(40)|JGB78(30),29.944,29.944
2023-04-10,40Y,1.403,1,JGB15(40),38.943,38.943
2023-04-11,2Y,-0.0648,6,JGB143(5)|JGB338(10)|JGB447(2)|JGB75(20)|JGB76(20)|JGB77(20),1.941,1.974
2023-04-11,5Y,0.1675,4,JGB WI(5)-04|JGB100(20)|JGB101(20)|JGB350(10),4.942,4.942
2023-04-11,10Y,0.486,4,JGB10(30)|JGB143(20)|JGB144(20)|JGB370(10),9.941,9.941
2023-04-11,20Y,1.091,1,JGB38(30),19.94,19.94
2023-04-11,30Y,1.331,2,JGB6(40)|JGB78(30),29.941,29.941
2023-04-11,40Y,1.423,1,JGB15(40),38.94,38.94
2023-04-12,2Y,-0.0603,6,JGB143(5)|JGB338(10)|JGB447(2)|JGB75(20)|JGB76(20)|JGB77(20),1.938,1.971
2023-04-12,5Y,0.1477,4,JGB100(20)|JGB101(20)|JGB157(5)|JGB350(10),4.939,4.939
2023-04-12,10Y,0.474,4,JGB10(30)|JGB143(20)|JGB144(20)|JGB370(10),9.938,9.938
2023-04-12,20Y,1.092,1,JGB38(30),19.937,19.937
2023-04-12,30Y,1.332,2,JGB6(40)|JGB78(30),29.938,29.938
2023-04-12,40Y,1.423,1,JGB15(40),38.938,38.938
2023-04-13,2Y,-0.0605,6,JGB143(5)|JGB338(10)|JGB447(2)|JGB75(20)|JGB76(20)|JGB77(20),1.936,1.969
2023-04-13,5Y,0.152,4,JGB100(20)|JGB101(20)|JGB157(5)|JGB350(10),4.936,4.936
2023-04-13,10Y,0.484,4,JGB10(30)|JGB143(20)|JGB144(20)|JGB370(10),9.936,9.936
2023-04-13,20Y,1.102,1,JGB38(30),19.934,19.934
2023-04-13,30Y,1.3275,2,JGB6(40)|JGB78(30),29.936,29.936
2023-04-13,40Y,1.413,1,JGB15(40),38.935,38.935
2023-04-14,2Y,-0.0603,6,JGB143(5)|JGB338(10)|JGB447(2)|JGB75(20)|JGB76(20)|JGB77(20),1.933,1.966
2023-04-14,5Y,0.1525,4,JGB100(20)|JGB101(20)|JGB157(5)|JGB350(10),4.934,4.934
2023-04-14,10Y,0.4795,4,JGB10(30)|JGB143(20)|JGB144(20)|JGB370(10),9.933,9.933
2023-04-14,20Y,1.0785,2,JGB WI(20)-04|JGB38(30),19.932,19.932
2023-04-14,30Y,1.303,2,JGB6(40)|JGB78(30),29.933,29.933
2023-04-14,40Y,1.387,1,JGB15(40),38.932,38.932
2023-04-17,2Y,-0.0543,6,JGB143(5)|JGB338(10)|JGB447(2)|JGB75(20)|JGB76(20)|JGB77(20),1.925,1.958
2023-04-17,5Y,0.148,4,JGB100(20)|JGB101(20)|JGB157(5)|JGB350(10),4.925,4.925
2023-04-17,10Y,0.48,4,JGB10(30)|JGB143(20)|JGB144(20)|JGB370(10),9.925,9.925
2023-04-17,20Y,1.0935,2,JGB WI(20)-04|JGB38(30),19.923,19.923
2023-04-17,30Y,1.3115,2,JGB6(40)|JGB78(30),29.925,29.925
2023-04-17,40Y,1.399,1,JGB15(40),38.924,38.924
2023-04-18,2Y,-0.0488,6,JGB143(5)|JGB338(10)|JGB447(2)|JGB75(20)|JGB76(20)|JGB77(20),1.922,1.955
2023-04-18,5Y,0.1625,4,JGB100(20)|JGB101(20)|JGB157(5)|JGB350(10),4.923,4.923
2023-04-18,10Y,0.512,4,JGB10(30)|JGB143(20)|JGB144(20)|JGB370(10),9.922,9.922
2023-04-18,20Y,1.126,2,JGB WI(20)-04|JGB38(30),19.921,19.921
2023-04-18,30Y,1.342,2,JGB6(40)|JGB78(30),29.922,29.922
2023-04-18,40Y,1.427,1,JGB15(40),38.921,38.921
2023-04-19,2Y,-0.0505,6,JGB143(5)|JGB338(10)|JGB447(2)|JGB75(20)|JGB76(20)|JGB77(20),1.919,1.952
2023-04-19,5Y,0.1625,4,JGB100(20)|JGB101(20)|JGB157(5)|JGB350(10),4.92,4.92
2023-04-19,10Y,0.502,4,JGB10(30)|JGB143(20)|JGB144(20)|JGB370(10),9.919,9.919
2023-04-19,20Y,1.116,2,JGB WI(20)-04|JGB38(30),19.918,19.918
2023-04-19,30Y,1.3425,2,JGB6(40)|JGB78(30),29.919,29.919
2023-04-19,40Y,1.431,1,JGB15(40),38.919,38.919
2023-04-20,2Y,-0.038,2,JGB WI(2)-05|JGB447(2),1.949,2.031
2023-04-20,5Y,0.1625,4,JGB100(20)|JGB101(20)|JGB157(5)|JGB350(10),4.917,4.917
2023-04-20,10Y,0.502,4,JGB10(30)|JGB143(20)|JGB144(20)|JGB370(10),9.916,9.916
2023-04-20,20Y,1.1075,2,JGB WI(20)-04|JGB38(30),19.915,19.915
2023-04-20,30Y,1.3235,2,JGB6(40)|JGB78(30),29.916,29.916
2023-04-20,40Y,1.424,1,JGB15(40),38.916,38.916
2023-04-21,2Y,-0.038,2,JGB WI(2)-05|JGB447(2),1.947,2.029
2023-04-21,5Y,0.1625,4,JGB100(20)|JGB101(20)|JGB157(5)|JGB350(10),4.914,4.914
2023-04-21,10Y,0.4992,4,JGB10(30)|JGB143(20)|JGB144(20)|JGB370(10),9.914,9.914
2023-04-21,20Y,1.1225,2,JGB184(20)|JGB38(30),19.912,19.912
2023-04-21,30Y,1.3515,2,JGB6(40)|JGB78(30),29.914,29.914
2023-04-21,40Y,1.443,1,JGB15(40),38.913,38.913
2023-04-24,2Y,-0.033,2,JGB WI(2)-05|JGB447(2),1.938,2.021
2023-04-24,5Y,0.153,4,JGB100(20)|JGB101(20)|JGB157(5)|JGB350(10),4.906,4.906
2023-04-24,10Y,0.4805,4,JGB10(30)|JGB143(20)|JGB144(20)|JGB370(10),9.906,9.906
2023-04-24,20Y,1.117,2,JGB184(20)|JGB38(30),19.904,19.904
2023-04-24,30Y,1.341,2,JGB6(40)|JGB78(30),29.906,29.906
2023-04-24,40Y,1.431,1,JGB15(40),38.905,38.905
2023-04-25,2Y,-0.038,2,JGB WI(2)-05|JGB447(2),1.936,2.018
2023-04-25,5Y,0.1525,4,JGB100(20)|JGB101(20)|JGB157(5)|JGB350(10),4.903,4.903
2023-04-25,10Y,0.4885,4,JGB10(30)|JGB143(20)|JGB144(20)|JGB370(10),9.903,9.903
2023-04-25,20Y,1.1265,2,JGB184(20)|JGB38(30),19.901,19.901
2023-04-25,30Y,1.3595,2,JGB6(40)|JGB78(30),29.903,29.903
2023-04-25,40Y,1.45,1,JGB15(40),38.902,38.902
2023-04-26,2Y,-0.0355,2,JGB WI(2)-05|JGB447(2),1.933,2.015
2023-04-26,5Y,0.1578,4,JGB100(20)|JGB101(20)|JGB157(5)|JGB350(10),4.901,4.901
2023-04-26,10Y,0.4952,4,JGB10(30)|JGB143(20)|JGB144(20)|JGB370(10),9.9,9.9
2023-04-26,20Y,1.112,2,JGB184(20)|JGB38(30),19.899,19.899
2023-04-26,30Y,1.3455,2,JGB6(40)|JGB78(30),29.9,29.9
2023-04-26,40Y,1.441,1,JGB15(40),38.899,38.899
2023-04-27,2Y,-0.04,2,JGB447(2)|JGB448(2),1.93,2.012
2023-04-27,5Y,0.1422,4,JGB100(20)|JGB101(20)|JGB157(5)|JGB350(10),4.898,4.898
2023-04-27,10Y,0.4647,4,JGB10(30)|JGB143(20)|JGB144(20)|JGB370(10),9.897,9.897
2023-04-27,20Y,1.082,2,JGB184(20)|JGB38(30),19.896,19.896
2023-04-27,30Y,1.32,2,JGB6(40)|JGB78(30),29.897,29.897
2023-04-27,40Y,1.411,1,JGB15(40),38.897,38.897
2023-04-28,2Y,-0.04,2,JGB447(2)|JGB448(2),1.927,2.01
2023-04-28,5Y,0.1425,4,JGB100(20)|JGB101(20)|JGB157(5)|JGB350(10),4.895,4.895
2023-04-28,10Y,0.4662,4,JGB10(30)|JGB143(20)|JGB144(20)|JGB370(10),9.895,9.895
2023-04-28,20Y,1.0855,2,JGB184(20)|JGB38(30),19.893,19.893
2023-04-28,30Y,1.34,2,JGB6(40)|JGB78(30),29.895,29.895
2023-04-28,40Y,1.427,1,JGB15(40),38.894,38.894
2023-05-01,2Y,-0.045,2,JGB447(2)|JGB448(2),1.919,2.001
2023-05-01,5Y,0.0963,4,JGB100(20)|JGB101(20)|JGB157(5)|JGB350(10),4.887,4.887
2023-05-01,10Y,0.4022,4,JGB10(30)|JGB143(20)|JGB144(20)|JGB370(10),9.886,9.886
2023-05-01,20Y,0.9985,2,JGB184(20)|JGB38(30),19.885,19.885
2023-05-01,30Y,1.243,2,JGB6(40)|JGB78(30),29.886,29.886
2023-05-01,40Y,1.336,1,JGB15(40),38.886,38.886
2023-05-02,2Y,-0.044,1,JGB448(2),1.999,1.999
2023-05-02,5Y,0.1013,4,JGB100(20)|JGB101(20)|JGB157(5)|JGB350(10),4.884,4.884
2023-05-02,10Y,0.4078,4,JGB10(30)|JGB143(20)|JGB144(20)|JGB370(10),9.884,9.884
2023-05-02,20Y,1.0225,2,JGB184(20)|JGB38(30),19.882,19.882
2023-05-02,30Y,1.2735,2,JGB6(40)|JGB78(30),29.884,29.884
2023-05-02,40Y,1.376,1,JGB15(40),38.883,38.883
2023-05-08,2Y,-0.035,1,JGB448(2),1.982,1.982
2023-05-08,5Y,0.1255,4,JGB102(20)|JGB103(20)|JGB104(20)|JGB351(10),5.12,5.12
2023-05-08,10Y,0.449,2,JGB11(30)|JGB145(20),10.119,10.119
2023-05-08,20Y,1.045,1,JGB39(30),20.118,20.118
2023-05-08,30Y,1.2887,3,JGB WI(30)-05|JGB6(40)|JGB78(30),29.867,29.867
2023-05-08,40Y,1.383,1,JGB15(40),38.867,38.867
2023-05-09,2Y,-0.035,1,JGB448(2),1.979,1.979
2023-05-09,5Y,0.1185,4,JGB102(20)|JGB103(20)|JGB104(20)|JGB351(10),5.117,5.117
2023-05-09,10Y,0.438,2,JGB11(30)|JGB145(20),10.116,10.116
2023-05-09,20Y,1.04,1,JGB39(30),20.115,20.115
2023-05-09,30Y,1.2763,3,JGB WI(30)-05|JGB6(40)|JGB78(30),29.864,29.864
2023-05-09,40Y,1.368,1,JGB15(40),38.864,38.864
2023-05-10,2Y,-0.03,1,JGB448(2),1.977,1.977
2023-05-10,5Y,0.135,4,JGB102(20)|JGB103(20)|JGB104(20)|JGB351(10),5.114,5.114
2023-05-10,10Y,0.4485,2,JGB11(30)|JGB145(20),10.114,10.114
2023-05-10,20Y,1.055,1,JGB39(30),20.112,20.112
2023-05-10,30Y,1.2833,3,JGB WI(30)-05|JGB6(40)|JGB78(30),29.862,29.862
2023-05-10,40Y,1.377,1,JGB15(40),38.861,38.861
2023-05-11,2Y,-0.04,1,JGB448(2),1.974,1.974
2023-05-11,5Y,0.1247,4,JGB102(20)|JGB103(20)|JGB104(20)|JGB351(10),5.112,5.112
2023-05-11,10Y,0.437,2,JGB11(30)|JGB145(20),10.111,10.111
2023-05-11,20Y,1.041,1,JGB39(30),20.11,20.11
2023-05-11,30Y,1.2753,3,JGB WI(30)-05|JGB6(40)|JGB78(30),29.859,29.859
2023-05-11,40Y,1.368,1,JGB15(40),38.858,38.858
2023-05-12,2Y,-0.045,1,JGB448(2),1.971,1.971
2023-05-12,5Y,0.1098,4,JGB102(20)|JGB103(20)|JGB104(20)|JGB351(10),5.109,5.109
2023-05-12,10Y,0.4115,2,JGB11(30)|JGB145(20),10.108,10.108
2023-05-12,20Y,1.001,1,JGB39(30),20.107,20.107
2023-05-12,30Y,1.2315,2,JGB6(40)|JGB78(30),29.856,29.856
2023-05-12,40Y,1.329,1,JGB15(40),38.856,38.856
2023-05-15,2Y,-0.055,1,JGB448(2),1.963,1.963
2023-05-15,5Y,0.1032,4,JGB102(20)|JGB103(20)|JGB104(20)|JGB351(10),5.101,5.101
2023-05-15,10Y,0.412,2,JGB11(30)|JGB145(20),10.1,10.1
2023-05-15,20Y,1.021,1,JGB39(30),20.099,20.099
2023-05-15,30Y,1.26,2,JGB6(40)|JGB78(30),29.848,29.848
2023-05-15,40Y,1.352,1,JGB15(40),38.847,38.847
2023-05-16,2Y,-0.051,1,JGB448(2),1.96,1.96
2023-05-16,5Y,0.1207,4,JGB102(20)|JGB103(20)|JGB104(20)|JGB351(10),5.098,5.098
2023-05-16,10Y,0.432,2,JGB11(30)|JGB145(20),10.097,10.097
2023-05-16,20Y,1.036,1,JGB39(30),20.096,20.096
2023-05-16,30Y,1.2755,2,JGB6(40)|JGB78(30),29.845,29.845
2023-05-16,40Y,1.368,1,JGB15(40),38.845,38.845
2023-05-17,2Y,-0.056,1,JGB448(2),1.958,1.958
2023-05-17,5Y,0.1103,4,JGB102(20)|JGB103(20)|JGB104(20)|JGB351(10),5.095,5.095
2023-05-17,10Y,0.4185,2,JGB11(30)|JGB145(20),10.094,10.094
2023-05-17,20Y,1.021,1,JGB39(30),20.093,20.093
2023-05-17,30Y,1.255,2,JGB6(40)|JGB78(30),29.843,29.843
2023-05-17,40Y,1.352,1,JGB15(40),38.842,38.842
2023-05-18,2Y,-0.066,1,JGB448(2),1.955,1.955
2023-05-18,5Y,0.09,4,JGB102(20)|JGB103(20)|JGB104(20)|JGB351(10),5.092,5.092
2023-05-18,10Y,0.3815,2,JGB11(30)|JGB145(20),10.092,10.092
2023-05-18,20Y,0.978,1,JGB39(30),20.09,20.09
2023-05-18,30Y,1.2195,2,JGB6(40)|JGB78(30),29.84,29.84
2023-05-18,40Y,1.332,1,JGB15(40),38.839,38.839
2023-05-19,2Y,-0.061,1,JGB448(2),1.952,1.952
2023-05-19,5Y,0.0998,4,JGB102(20)|JGB103(20)|JGB104(20)|JGB351(10),5.09,5.09
2023-05-19,10Y,0.406,2,JGB11(30)|JGB145(20),10.089,10.089
2023-05-19,20Y,0.992,1,JGB39(30),20.088,20.088
2023-05-19,30Y,1.2445,2,JGB6(40)|JGB78(30),29.837,29.837
2023-05-19,40Y,1.378,1,JGB WI(40)-05,39.836,39.836
2023-05-22,2Y,-0.0623,6,JGB144(5)|JGB339(10)|JGB448(2)|JGB78(20)|JGB79(20)|JGB80(20),1.944,2.081
2023-05-22,5Y,0.105,4,JGB102(20)|JGB103(20)|JGB104(20)|JGB351(10),5.081,5.081
2023-05-22,10Y,0.422,2,JGB11(30)|JGB145(20),10.081,10.081
2023-05-22,20Y,1.006,1,JGB39(30),20.079,20.079
2023-05-22,30Y,1.255,2,JGB6(40)|JGB78(30),29.829,29.829
2023-05-22,40Y,1.395,1,JGB WI(40)-05,39.828,39.828
2023-05-23,2Y,-0.0677,6,JGB144(5)|JGB339(10)|JGB448(2)|JGB78(20)|JGB79(20)|JGB80(20),1.941,2.078
2023-05-23,5Y,0.0938,4,JGB102(20)|JGB103(20)|JGB104(20)|JGB351(10),5.079,5.079
2023-05-23,10Y,0.407,2,JGB11(30)|JGB145(20),10.078,10.078
2023-05-23,20Y,0.982,1,JGB39(30),20.077,20.077
2023-05-23,30Y,1.2335,2,JGB6(40)|JGB78(30),29.826,29.826
2023-05-23,40Y,1.37,1,JGB WI(40)-05,39.825,39.825
2023-05-24,2Y,-0.0624,7,JGB WI(2)-06|JGB144(5)|JGB339(10)|JGB448(2)|JGB78(20)|JGB79(20)|JGB80(20),1.938,2.075
2023-05-24,5Y,0.0998,4,JGB102(20)|JGB103(20)|JGB104(20)|JGB351(10),5.076,5.076
2023-05-24,10Y,0.417,2,JGB11(30)|JGB145(20),10.075,10.075
2023-05-24,20Y,1.006,1,JGB39(30),20.074,20.074
2023-05-24,30Y,1.25,2,JGB6(40)|JGB78(30),29.823,29.823
2023-05-24,40Y,1.38,1,JGB WI(40)-05,39.822,39.822
2023-05-25,2Y,-0.0639,7,JGB WI(2)-06|JGB144(5)|JGB339(10)|JGB448(2)|JGB78(20)|JGB79(20)|JGB80(20),1.936,2.073
2023-05-25,5Y,0.105,4,JGB102(20)|JGB103(20)|JGB104(20)|JGB351(10),5.073,5.073
2023-05-25,10Y,0.427,2,JGB11(30)|JGB145(20),10.073,10.073
2023-05-25,20Y,1.021,1,JGB39(30),20.071,20.071
2023-05-25,30Y,1.268,2,JGB6(40)|JGB78(30),29.821,29.821
2023-05-25,40Y,1.4,1,JGB WI(40)-05,39.819,39.819
2023-05-26,2Y,-0.0637,7,JGB WI(2)-06|JGB144(5)|JGB339(10)|JGB448(2)|JGB78(20)|JGB79(20)|JGB80(20),1.933,2.07
2023-05-26,5Y,0.1202,4,JGB102(20)|JGB103(20)|JGB104(20)|JGB351(10),5.07,5.07
2023-05-26,10Y,0.45,2,JGB11(30)|JGB145(20),10.07,10.07
2023-05-26,20Y,1.045,1,JGB39(30),20.068,20.068
2023-05-26,30Y,1.291,2,JGB6(40)|JGB78(30),29.818,29.818
2023-05-26,40Y,1.42,1,JGB16(40),39.817,39.817
2023-05-29,2Y,-0.0649,7,JGB WI(2)-06|JGB144(5)|JGB339(10)|JGB448(2)|JGB78(20)|JGB79(20)|JGB80(20),1.925,2.062
2023-05-29,5Y,0.1042,4,JGB102(20)|JGB103(20)|JGB104(20)|JGB351(10),5.062,5.062
2023-05-29,10Y,0.443,2,JGB11(30)|JGB145(20),10.062,10.062
2023-05-29,20Y,1.026,1,JGB39(30),20.06,20.06
2023-05-29,30Y,1.2635,2,JGB6(40)|JGB78(30),29.81,29.81
2023-05-29,40Y,1.396,1,JGB16(40),39.808,39.808
2023-05-30,2Y,-0.0611,7,JGB WI(2)-06|JGB144(5)|JGB339(10)|JGB448(2)|JGB78(20)|JGB79(20)|JGB80(20),1.922,2.059
2023-05-30,5Y,0.1103,4,JGB102(20)|JGB103(20)|JGB104(20)|JGB351(10),5.06,5.06
2023-05-30,10Y,0.464,2,JGB11(30)|JGB145(20),10.059,10.059
2023-05-30,20Y,1.045,1,JGB39(30),20.057,20.057
2023-05-30,30Y,1.2775,2,JGB6(40)|JGB78(30),29.807,29.807
2023-05-30,40Y,1.408,1,JGB16(40),39.806,39.806
2023-05-31,2Y,-0.0609,7,JGB144(5)|JGB339(10)|JGB448(2)|JGB449(2)|JGB78(20)|JGB79(20)|JGB80(20),1.919,2.056
2023-05-31,5Y,0.1047,4,JGB102(20)|JGB103(20)|JGB104(20)|JGB351(10),5.057,5.057
2023-05-31,10Y,0.455,2,JGB11(30)|JGB145(20),10.056,10.056
2023-05-31,20Y,1.03,1,JGB39(30),20.055,20.055
2023-05-31,30Y,1.261,3,JGB WI(30)-06|JGB6(40)|JGB78(30),29.804,29.804
2023-05-31,40Y,1.396,1,JGB16(40),39.803,39.803
2023-06-01,2Y,-0.0655,6,JGB144(5)|JGB339(10)|JGB449(2)|JGB78(20)|JGB79(20)|JGB80(20),2.001,2.053
2023-06-01,5Y,0.0948,4,JGB102(20)|JGB103(20)|JGB104(20)|JGB351(10),5.054,5.054
2023-06-01,10Y,0.453,2,JGB11(30)|JGB145(20),10.053,10.053
2023-06-01,20Y,1.03,1,JGB39(30),20.052,20.052
2023-06-01,30Y,1.273,3,JGB WI(30)-06|JGB6(40)|JGB78(30),29.802,29.802
2023-06-01,40Y,1.402,1,JGB16(40),39.8,39.8
2023-06-02,2Y,-0.075,6,JGB144(5)|JGB339(10)|JGB449(2)|JGB78(20)|JGB79(20)|JGB80(20),1.999,2.051
2023-06-02,5Y,0.0895,4,JGB102(20)|JGB103(20)|JGB104(20)|JGB351(10),5.051,5.051
2023-06-02,10Y,0.438,2,JGB11(30)|JGB145(20),10.051,10.051
2023-06-02,20Y,1.031,1,JGB39(30),20.049,20.049
2023-06-02,30Y,1.2767,3,JGB WI(30)-06|JGB6(40)|JGB78(30),29.799,29.799
2023-06-02,40Y,1.412,1,JGB16(40),39.797,39.797
2023-06-05,2Y,-0.0863,6,JGB144(5)|JGB339(10)|JGB449(2)|JGB78(20)|JGB79(20)|JGB80(20),1.99,2.042
2023-06-05,5Y,0.0835,4,JGB102(20)|JGB103(20)|JGB104(20)|JGB351(10),5.043,5.043
2023-06-05,10Y,0.432,2,JGB11(30)|JGB145(20),10.042,10.042
2023-06-05,20Y,1.035,1,JGB39(30),20.041,20.041
2023-06-05,30Y,1.2847,3,JGB WI(30)-06|JGB6(40)|JGB78(30),29.791,29.791
2023-06-05,40Y,1.425,1,JGB16(40),39.789,39.789
2023-06-06,2Y,-0.0758,6,JGB144(5)|JGB339(10)|JGB449(2)|JGB78(20)|JGB79(20)|JGB80(20),1.988,2.04
2023-06-06,5Y,0.104,4,JGB102(20)|JGB103(20)|JGB104(20)|JGB351(10),5.04,5.04
2023-06-06,10Y,0.458,2,JGB11(30)|JGB145(20),10.04,10.04
2023-06-06,20Y,1.05,1,JGB39(30),20.038,20.038
2023-06-06,30Y,1.2847,3,JGB WI(30)-06|JGB6(40)|JGB78(30),29.788,29.788
2023-06-06,40Y,1.429,1,JGB16(40),39.786,39.786
2023-06-07,2Y,-0.0763,6,JGB144(5)|JGB339(10)|JGB449(2)|JGB78(20)|JGB79(20)|JGB80(20),1.985,2.037
2023-06-07,5Y,0.095,4,JGB102(20)|JGB103(20)|JGB104(20)|JGB351(10),5.038,5.038
2023-06-07,10Y,0.4445,2,JGB11(30)|JGB145(20),10.037,10.037
2023-06-07,20Y,1.031,1,JGB39(30),20.036,20.036
2023-06-07,30Y,1.272,2,JGB6(40)|JGB78(30),29.785,29.785
2023-06-07,40Y,1.412,1,JGB16(40),39.784,39.784
2023-06-08,2Y,-0.0707,6,JGB144(5)|JGB339(10)|JGB449(2)|JGB78(20)|JGB79(20)|JGB80(20),1.982,2.034
2023-06-08,5Y,0.0897,4,JGB102(20)|JGB103(20)|JGB104(20)|JGB351(10),5.035,5.035
2023-06-08,10Y,0.432,2,JGB11(30)|JGB145(20),10.034,10.034
2023-06-08,20Y,1.024,1,JGB39(30),20.033,20.033
2023-06-08,30Y,1.268,2,JGB6(40)|JGB78(30),29.782,29.782
2023-06-08,40Y,1.412,1,JGB16(40),39.781,39.781
2023-06-09,2Y,-0.0697,6,JGB144(5)|JGB339(10)|JGB449(2)|JGB78(20)|JGB79(20)|JGB80(20),1.979,2.031
2023-06-09,5Y,0.0945,4,JGB102(20)|JGB103(20)|JGB104(20)|JGB351(10),5.032,5.032
2023-06-09,10Y,0.458,2,JGB11(30)|JGB145(20),10.031,10.031
2023-06-09,20Y,1.04,1,JGB39(30),20.03,20.03
2023-06-09,30Y,1.2865,2,JGB6(40)|JGB78(30),29.78,29.78
2023-06-09,40Y,1.432,1,JGB16(40),39.778,39.778
2023-06-12,2Y,-0.0713,6,JGB144(5)|JGB339(10)|JGB449(2)|JGB78(20)|JGB79(20)|JGB80(20),1.971,2.023
2023-06-12,5Y,0.0895,4,JGB102(20)|JGB103(20)|JGB104(20)|JGB351(10),5.024,5.024
2023-06-12,10Y,0.457,2,JGB11(30)|JGB145(20),10.023,10.023
2023-06-12,20Y,1.031,1,JGB39(30),20.022,20.022
2023-06-12,30Y,1.2775,2,JGB6(40)|JGB78(30),29.771,29.771
2023-06-12,40Y,1.421,1,JGB16(40),39.77,39.77
2023-06-13,2Y,-0.0768,6,JGB144(5)|JGB339(10)|JGB449(2)|JGB78(20)|JGB79(20)|JGB80(20),1.969,2.021
2023-06-13,5Y,0.0845,4,JGB102(20)|JGB103(20)|JGB104(20)|JGB351(10),5.021,5.021
2023-06-13,10Y,0.4525,2,JGB11(30)|JGB145(20),10.021,10.021
2023-06-13,20Y,1.035,1,JGB39(30),20.019,20.019
2023-06-13,30Y,1.28,2,JGB6(40)|JGB78(30),29.769,29.769
2023-06-13,40Y,1.421,1,JGB16(40),39.767,39.767
2023-06-14,2Y,-0.0815,6,JGB144(5)|JGB339(10)|JGB449(2)|JGB78(20)|JGB79(20)|JGB80(20),1.966,2.018
2023-06-14,5Y,0.074,4,JGB102(20)|JGB103(20)|JGB104(20)|JGB351(10),5.018,5.018
2023-06-14,10Y,0.4425,2,JGB11(30)|JGB145(20),10.018,10.018
2023-06-14,20Y,1.02,1,JGB39(30),20.016,20.016
2023-06-14,30Y,1.259,2,JGB6(40)|JGB78(30),29.766,29.766
2023-06-14,40Y,1.392,1,JGB16(40),39.765,39.765
2023-06-15,2Y,-0.0757,6,JGB144(5)|JGB339(10)|JGB449(2)|JGB78(20)|JGB79(20)|JGB80(20),1.963,2.015
2023-06-15,5Y,0.0897,4,JGB102(20)|JGB103(20)|JGB104(20)|JGB351(10),5.016,5.016
2023-06-15,10Y,0.4525,2,JGB11(30)|JGB145(20),10.015,10.015
2023-06-15,20Y,1.025,1,JGB39(30),20.014,20.014
2023-06-15,30Y,1.2565,2,JGB6(40)|JGB78(30),29.763,29.763
2023-06-15,40Y,1.378,1,JGB16(40),39.762,39.762
2023-06-16,2Y,-0.0717,6,JGB144(5)|JGB339(10)|JGB449(2)|JGB78(20)|JGB79(20)|JGB80(20),1.96,2.012
2023-06-16,5Y,0.0905,4,JGB102(20)|JGB103(20)|JGB104(20)|JGB351(10),5.013,5.013
2023-06-16,10Y,0.4485,2,JGB11(30)|JGB145(20),10.012,10.012
2023-06-16,20Y,1.02,1,JGB39(30),20.011,20.011
2023-06-16,30Y,1.2545,2,JGB6(40)|JGB78(30),29.76,29.76
2023-06-16,40Y,1.371,1,JGB16(40),39.759,39.759
2023-06-19,2Y,-0.0755,6,JGB144(5)|JGB339(10)|JGB449(2)|JGB78(20)|JGB79(20)|JGB80(20),1.952,2.004
2023-06-19,5Y,0.0795,4,JGB102(20)|JGB103(20)|JGB104(20)|JGB351(10),5.005,5.005
2023-06-19,10Y,0.4225,2,JGB11(30)|JGB145(20),10.004,10.004
2023-06-19,20Y,1.006,1,JGB39(30),20.003,20.003
2023-06-19,30Y,1.25,2,JGB6(40)|JGB78(30),29.752,29.752
2023-06-19,40Y,1.367,1,JGB16(40),39.751,39.751
2023-06-20,2Y,-0.077,6,JGB144(5)|JGB339(10)|JGB449(2)|JGB78(20)|JGB79(20)|JGB80(20),1.949,2.001
2023-06-20,5Y,0.0798,4,JGB102(20)|JGB103(20)|JGB104(20)|JGB351(10),5.002,5.002
2023-06-20,10Y,0.411,2,JGB11(30)|JGB145(20),10.001,10.001
2023-06-20,20Y,0.992,1,JGB39(30),20.0,20.0
2023-06-20,30Y,1.236,2,JGB6(40)|JGB78(30),29.749,29.749
2023-06-20,40Y,1.359,1,JGB16(40),39.748,39.748
2023-06-21,2Y,-0.076,6,JGB144(5)|JGB339(10)|JGB449(2)|JGB78(20)|JGB79(20)|JGB80(20),1.947,1.999
2023-06-21,5Y,0.0775,4,JGB102(20)|JGB103(20)|JGB104(20)|JGB351(10),4.999,4.999
2023-06-21,10Y,0.406,2,JGB11(30)|JGB145(20),9.999,9.999
2023-06-21,20Y,0.981,1,JGB39(30),19.997,19.997
2023-06-21,30Y,1.222,2,JGB6(40)|JGB78(30),29.747,29.747
2023-06-21,40Y,1.35,1,JGB16(40),39.745,39.745
2023-06-22,2Y,-0.0828,6,JGB144(5)|JGB339(10)|JGB449(2)|JGB78(20)|JGB79(20)|JGB80(20),1.944,1.996
2023-06-22,5Y,0.0742,4,JGB102(20)|JGB103(20)|JGB104(20)|JGB351(10),4.997,4.997
2023-06-22,10Y,0.3955,2,JGB11(30)|JGB145(20),9.996,9.996
2023-06-22,20Y,0.986,1,JGB39(30),19.995,19.995
2023-06-22,30Y,1.222,2,JGB6(40)|JGB78(30),29.744,29.744
2023-06-22,40Y,1.35,1,JGB16(40),39.743,39.743
2023-06-23,2Y,-0.0777,7,JGB WI(2)-07|JGB144(5)|JGB339(10)|JGB449(2)|JGB78(20)|JGB79(20)|JGB80(20),1.941,2.023
2023-06-23,5Y,0.069,4,JGB102(20)|JGB103(20)|JGB104(20)|JGB351(10),4.994,4.994
2023-06-23,10Y,0.396,2,JGB11(30)|JGB145(20),9.993,9.993
2023-06-23,20Y,0.991,1,JGB39(30),19.992,19.992
2023-06-23,30Y,1.236,2,JGB6(40)|JGB78(30),29.741,29.741
2023-06-23,40Y,1.367,1,JGB16(40),39.74,39.74
2023-06-26,2Y,-0.085,7,JGB WI(2)-07|JGB144(5)|JGB339(10)|JGB449(2)|JGB78(20)|JGB79(20)|JGB80(20),1.933,2.015
2023-06-26,5Y,0.0585,4,JGB102(20)|JGB103(20)|JGB104(20)|JGB351(10),4.986,4.986
2023-06-26,10Y,0.391,2,JGB11(30)|JGB145(20),9.985,9.985
2023-06-26,20Y,0.981,1,JGB39(30),19.984,19.984
2023-06-26,30Y,1.231,2,JGB6(40)|JGB78(30),29.733,29.733
2023-06-26,40Y,1.363,1,JGB16(40),39.732,39.732
2023-06-27,2Y,-0.087,7,JGB WI(2)-07|JGB144(5)|JGB339(10)|JGB449(2)|JGB78(20)|JGB79(20)|JGB80(20),1.93,2.012
2023-06-27,5Y,0.0483,4,JGB102(20)|JGB103(20)|JGB104(20)|JGB351(10),4.983,4.983
2023-06-27,10Y,0.376,2,JGB11(30)|JGB145(20),9.982,9.982
2023-06-27,20Y,0.956,1,JGB39(30),19.981,19.981
2023-06-27,30Y,1.2035,2,JGB6(40)|JGB78(30),29.73,29.73
2023-06-27,40Y,1.338,1,JGB16(40),39.729,39.729
2023-06-28,2Y,-0.0833,7,JGB WI(2)-07|JGB144(5)|JGB339(10)|JGB449(2)|JGB78(20)|JGB79(20)|JGB80(20),1.927,2.01
2023-06-28,5Y,0.0587,4,JGB102(20)|JGB103(20)|JGB104(20)|JGB351(10),4.98,4.98
2023-06-28,10Y,0.3957,3,JGB WI(10)-07|JGB11(30)|JGB145(20),9.979,9.979
2023-06-28,20Y,0.971,1,JGB39(30),19.978,19.978
2023-06-28,30Y,1.2085,2,JGB6(40)|JGB78(30),29.728,29.728
2023-06-28,40Y,1.338,1,JGB16(40),39.726,39.726
2023-06-29,2Y,-0.0739,7,JGB WI(2)-07|JGB144(5)|JGB339(10)|JGB449(2)|JGB78(20)|JGB79(20)|JGB80(20),1.925,2.007
2023-06-29,5Y,0.0693,4,JGB102(20)|JGB103(20)|JGB104(20)|JGB351(10),4.977,4.977
2023-06-29,10Y,0.4107,3,JGB WI(10)-07|JGB11(30)|JGB145(20),9.977,9.977
2023-06-29,20Y,0.981,1,JGB39(30),19.975,19.975
2023-06-29,30Y,1.222,2,JGB6(40)|JGB78(30),29.725,29.725
2023-06-29,40Y,1.354,1,JGB16(40),39.723,39.723
2023-06-30,2Y,-0.0797,7,JGB144(5)|JGB339(10)|JGB449(2)|JGB450(2)|JGB78(20)|JGB79(20)|JGB80(20),1.922,2.004
2023-06-30,5Y,0.064,4,JGB102(20)|JGB103(20)|JGB104(20)|JGB351(10),4.975,4.975
2023-06-30,10Y,0.4093,3,JGB WI(10)-07|JGB11(30)|JGB145(20),9.974,9.974
2023-06-30,20Y,0.976,1,JGB39(30),19.973,19.973
2023-06-30,30Y,1.235,1,JGB WI(30)-07,29.974,29.974
2023-06-30,40Y,1.359,1,JGB16(40),39.721,39.721
2023-07-03,2Y,-0.0808,6,JGB144(5)|JGB339(10)|JGB450(2)|JGB78(20)|JGB79(20)|JGB80(20),1.966,1.996
2023-07-03,5Y,0.0635,4,JGB102(20)|JGB103(20)|JGB104(20)|JGB351(10),4.966,4.966
2023-07-03,10Y,0.423,3,JGB WI(10)-07|JGB11(30)|JGB145(20),9.966,9.966
2023-07-03,20Y,1.011,1,JGB39(30),19.964,19.964
2023-07-03,30Y,1.266,1,JGB WI(30)-07,29.966,29.966
2023-07-03,40Y,1.396,1,JGB16(40),39.713,39.713
2023-07-04,2Y,-0.0798,6,JGB144(5)|JGB339(10)|JGB450(2)|JGB78(20)|JGB79(20)|JGB80(20),1.963,1.993
2023-07-04,5Y,0.0638,4,JGB102(20)|JGB103(20)|JGB104(20)|JGB351(10),4.964,4.964
2023-07-04,10Y,0.428,3,JGB WI(10)-07|JGB11(30)|JGB145(20),9.963,9.963
2023-07-04,20Y,1.011,1,JGB39(30),19.962,19.962
2023-07-04,30Y,1.265,1,JGB WI(30)-07,29.963,29.963
2023-07-04,40Y,1.396,1,JGB16(40),39.71,39.71
2023-07-05,2Y,-0.0822,6,JGB144(5)|JGB339(10)|JGB450(2)|JGB78(20)|JGB79(20)|JGB80(20),1.96,1.99
2023-07-05,5Y,0.0614,5,JGB WI(5)-07|JGB102(20)|JGB103(20)|JGB104(20)|JGB351(10),4.961,4.961
2023-07-05,10Y,0.3957,3,JGB11(30)|JGB145(20)|JGB371(10),9.96,9.96
2023-07-05,20Y,0.995,1,JGB39(30),19.959,19.959
2023-07-05,30Y,1.255,1,JGB WI(30)-07,29.96,29.96
2023-07-05,40Y,1.396,1,JGB16(40),39.707,39.707
2023-07-06,2Y,-0.0828,6,JGB144(5)|JGB339(10)|JGB450(2)|JGB78(20)|JGB79(20)|JGB80(20),1.958,1.988
2023-07-06,5Y,0.0618,5,JGB WI(5)-07|JGB102(20)|JGB103(20)|JGB104(20)|JGB351(10),4.958,4.958
2023-07-06,10Y,0.38,3,JGB11(30)|JGB145(20)|JGB371(10),9.958,9.958
2023-07-06,20Y,0.986,1,JGB39(30),19.956,19.956
2023-07-06,30Y,1.23,1,JGB WI(30)-07,29.958,29.958
2023-07-06,40Y,1.375,1,JGB16(40),39.704,39.704
2023-07-07,2Y,-0.0735,6,JGB144(5)|JGB339(10)|JGB450(2)|JGB78(20)|JGB79(20)|JGB80(20),1.955,1.985
2023-07-07,5Y,0.0764,5,JGB WI(5)-07|JGB102(20)|JGB103(20)|JGB104(20)|JGB351(10),4.956,4.956
2023-07-07,10Y,0.4063,3,JGB11(30)|JGB145(20)|JGB371(10),9.955,9.955
2023-07-07,20Y,1.0005,2,JGB WI(20)-07|JGB39(30),19.953,19.953
2023-07-07,30Y,1.226,1,JGB79(30),29.955,29.955
2023-07-07,40Y,1.367,1,JGB16(40),39.702,39.702
2023-07-10,2Y,-0.0543,6,JGB144(5)|JGB339(10)|JGB450(2)|JGB78(20)|JGB79(20)|JGB80(20),1.947,1.977
2023-07-10,5Y,0.11,5,JGB WI(5)-07|JGB102(20)|JGB103(20)|JGB104(20)|JGB351(10),4.947,4.947
2023-07-10,10Y,0.436,3,JGB11(30)|JGB145(20)|JGB371(10),9.947,9.947
2023-07-10,20Y,1.04,2,JGB WI(20)-07|JGB39(30),19.945,19.945
2023-07-10,30Y,1.265,1,JGB79(30),29.947,29.947
2023-07-10,40Y,1.4,1,JGB16(40),39.693,39.693
2023-07-11,2Y,-0.0445,6,JGB144(5)|JGB339(10)|JGB450(2)|JGB78(20)|JGB79(20)|JGB80(20),1.944,1.974
2023-07-11,5Y,0.1432,5,JGB WI(5)-07|JGB102(20)|JGB103(20)|JGB104(20)|JGB351(10),4.945,4.945
2023-07-11,10Y,0.4767,3,JGB11(30)|JGB145(20)|JGB371(10),9.944,9.944
2023-07-11,20Y,1.0995,2,JGB WI(20)-07|JGB39(30),19.943,19.943
2023-07-11,30Y,1.308,1,JGB79(30),29.944,29.944
2023-07-11,40Y,1.437,1,JGB16(40),39.691,39.691
2023-07-12,2Y,-0.0553,6,JGB144(5)|JGB339(10)|JGB450(2)|JGB78(20)|JGB79(20)|JGB80(20),1.941,1.971
2023-07-12,5Y,0.115,5,JGB102(20)|JGB103(20)|JGB104(20)|JGB159(5)|JGB351(10),4.942,4.942
2023-07-12,10Y,0.4623,3,JGB11(30)|JGB145(20)|JGB371(10),9.941,9.941
2023-07-12,20Y,1.075,2,JGB WI(20)-07|JGB39(30),19.94,19.94
2023-07-12,30Y,1.291,1,JGB79(30),29.941,29.941
2023-07-12,40Y,1.425,1,JGB16(40),39.688,39.688
2023-07-13,2Y,-0.0503,6,JGB144(5)|JGB339(10)|JGB450(2)|JGB78(20)|JGB79(20)|JGB80(20),1.938,1.969
2023-07-13,5Y,0.1354,5,JGB102(20)|JGB103(20)|JGB104(20)|JGB159(5)|JGB351(10),4.939,4.939
2023-07-13,10Y,0.4973,3,JGB11(30)|JGB145(20)|JGB371(10),9.938,9.938
2023-07-13,20Y,1.1095,2,JGB WI(20)-07|JGB39(30),19.937,19.937
2023-07-13,30Y,1.321,1,JGB79(30),29.938,29.938
2023-07-13,40Y,1.449,1,JGB16(40),39.685,39.685
2023-07-14,2Y,-0.0503,6,JGB144(5)|JGB339(10)|JGB450(2)|JGB78(20)|JGB79(20)|JGB80(20),1.936,1.966
2023-07-14,5Y,0.1248,5,JGB102(20)|JGB103(20)|JGB104(20)|JGB159(5)|JGB351(10),4.936,4.936
2023-07-14,10Y,0.487,3,JGB11(30)|JGB145(20)|JGB371(10),9.936,9.936
2023-07-14,20Y,1.091,2,JGB185(20)|JGB39(30),19.934,19.934
2023-07-14,30Y,1.329,1,JGB79(30),29.936,29.936
2023-07-14,40Y,1.465,1,JGB16(40),39.682,39.682
2023-07-18,2Y,-0.0527,6,JGB144(5)|JGB339(10)|JGB450(2)|JGB78(20)|JGB79(20)|JGB80(20),1.925,1.955
2023-07-18,5Y,0.1254,5,JGB102(20)|JGB103(20)|JGB104(20)|JGB159(5)|JGB351(10),4.925,4.925
2023-07-18,10Y,0.5013,3,JGB11(30)|JGB145(20)|JGB371(10),9.925,9.925
2023-07-18,20Y,1.1175,2,JGB185(20)|JGB39(30),19.923,19.923
2023-07-18,30Y,1.364,1,JGB79(30),29.925,29.925
2023-07-18,40Y,1.498,1,JGB16(40),39.671,39.671
2023-07-19,2Y,-0.0488,6,JGB144(5)|JGB339(10)|JGB450(2)|JGB78(20)|JGB79(20)|JGB80(20),1.922,1.952
2023-07-19,5Y,0.1304,5,JGB102(20)|JGB103(20)|JGB104(20)|JGB159(5)|JGB351(10),4.923,4.923
2023-07-19,10Y,0.506,3,JGB11(30)|JGB145(20)|JGB371(10),9.922,9.922
2023-07-19,20Y,1.1375,2,JGB185(20)|JGB39(30),19.921,19.921
2023-07-19,30Y,1.393,1,JGB79(30),29.922,29.922
2023-07-19,40Y,1.5345,2,JGB WI(40)-07|JGB16(40),39.669,39.669
2023-07-20,2Y,-0.0565,6,JGB144(5)|JGB339(10)|JGB450(2)|JGB78(20)|JGB79(20)|JGB80(20),1.919,1.949
2023-07-20,5Y,0.11,5,JGB102(20)|JGB103(20)|JGB104(20)|JGB159(5)|JGB351(10),4.92,4.92
2023-07-20,10Y,0.48,3,JGB11(30)|JGB145(20)|JGB371(10),9.919,9.919
2023-07-20,20Y,1.105,2,JGB185(20)|JGB39(30),19.918,19.918
2023-07-20,30Y,1.359,1,JGB79(30),29.919,29.919
2023-07-20,40Y,1.5025,2,JGB WI(40)-07|JGB16(40),39.666,39.666
2023-07-21,2Y,-0.0405,2,JGB WI(2)-08|JGB450(2),1.947,2.031
2023-07-21,5Y,0.1054,5,JGB102(20)|JGB103(20)|JGB104(20)|JGB159(5)|JGB351(10),4.917,4.917
2023-07-21,10Y,0.4723,3,JGB11(30)|JGB145(20)|JGB371(10),9.916,9.916
2023-07-21,20Y,1.09,2,JGB185(20)|JGB39(30),19.915,19.915
2023-07-21,30Y,1.338,1,JGB79(30),29.916,29.916
2023-07-21,40Y,1.479,2,JGB WI(40)-07|JGB16(40),39.663,39.663
2023-07-24,2Y,-0.0305,2,JGB WI(2)-08|JGB450(2),1.938,2.023
2023-07-24,5Y,0.1192,5,JGB102(20)|JGB103(20)|JGB104(20)|JGB159(5)|JGB351(10),4.909,4.909
2023-07-24,10Y,0.484,3,JGB11(30)|JGB145(20)|JGB371(10),9.908,9.908
2023-07-24,20Y,1.1025,2,JGB185(20)|JGB39(30),19.907,19.907
2023-07-24,30Y,1.338,1,JGB79(30),29.908,29.908
2023-07-24,40Y,1.474,2,JGB WI(40)-07|JGB16(40),39.655,39.655
2023-07-25,2Y,-0.0405,2,JGB WI(2)-08|JGB450(2),1.936,2.021
2023-07-25,5Y,0.0992,5,JGB102(20)|JGB103(20)|JGB104(20)|JGB159(5)|JGB351(10),4.906,4.906
2023-07-25,10Y,0.4533,3,JGB11(30)|JGB145(20)|JGB371(10),9.906,9.906
2023-07-25,20Y,1.0565,2,JGB185(20)|JGB39(30),19.904,19.904
2023-07-25,30Y,1.302,1,JGB79(30),29.906,29.906
2023-07-25,40Y,1.4405,2,JGB WI(40)-07|JGB16(40),39.652,39.652
2023-07-26,2Y,-0.0405,2,JGB WI(2)-08|JGB450(2),1.933,2.018
2023-07-26,5Y,0.0986,5,JGB102(20)|JGB103(20)|JGB104(20)|JGB159(5)|JGB351(10),4.903,4.903
2023-07-26,10Y,0.4585,4,JGB WI(10)-08|JGB11(30)|JGB145(20)|JGB371(10),9.903,9.903
2023-07-26,20Y,1.0665,2,JGB185(20)|JGB39(30),19.901,19.901
2023-07-26,30Y,1.321,1,JGB79(30),29.903,29.903
2023-07-26,40Y,1.461,1,JGB16(40),39.65,39.65
2023-07-27,2Y,-0.0405,2,JGB WI(2)-08|JGB450(2),1.93,2.015
2023-07-27,5Y,0.0888,5,JGB102(20)|JGB103(20)|JGB104(20)|JGB159(5)|JGB351(10),4.901,4.901
2023-07-27,10Y,0.443,4,JGB WI(10)-08|JGB11(30)|JGB145(20)|JGB371(10),9.9,9.9
2023-07-27,20Y,1.0465,2,JGB185(20)|JGB39(30),19.899,19.899
2023-07-27,30Y,1.299,1,JGB79(30),29.9,29.9
2023-07-27,40Y,1.448,1,JGB16(40),39.647,39.647
2023-07-28,2Y,-0.04,2,JGB450(2)|JGB451(2),1.927,2.012
2023-07-28,5Y,0.0888,5,JGB102(20)|JGB103(20)|JGB104(20)|JGB159(5)|JGB351(10),4.898,4.898
2023-07-28,10Y,0.4335,4,JGB WI(10)-08|JGB11(30)|JGB145(20)|JGB371(10),9.897,9.897
2023-07-28,20Y,1.0445,2,JGB185(20)|JGB39(30),19.896,19.896
2023-07-28,30Y,1.291,1,JGB79(30),29.897,29.897
2023-07-28,40Y,1.437,1,JGB16(40),39.644,39.644
2023-07-31,2Y,-0.0145,2,JGB450(2)|JGB451(2),1.919,2.004
2023-07-31,5Y,0.1502,5,JGB102(20)|JGB103(20)|JGB104(20)|JGB159(5)|JGB351(10),4.89,4.89
2023-07-31,10Y,0.5415,4,JGB WI(10)-08|JGB11(30)|JGB145(20)|JGB371(10),9.889,9.889
2023-07-31,20Y,1.1235,2,JGB185(20)|JGB39(30),19.888,19.888
2023-07-31,30Y,1.354,1,JGB79(30),29.889,29.889
2023-07-31,40Y,1.494,1,JGB16(40),39.636,39.636
2023-08-01,2Y,0.0,1,JGB451(2),2.001,2.001
2023-08-01,5Y,0.1758,5,JGB102(20)|JGB103(20)|JGB104(20)|JGB159(5)|JGB351(10),4.887,4.887
2023-08-01,10Y,0.596,4,JGB WI(10)-08|JGB11(30)|JGB145(20)|JGB371(10),9.886,9.886
2023-08-01,20Y,1.219,2,JGB185(20)|JGB39(30),19.885,19.885
2023-08-01,30Y,1.456,1,JGB79(30),29.886,29.886
2023-08-01,40Y,1.589,1,JGB16(40),39.633,39.633
2023-08-02,2Y,0.0,1,JGB451(2),1.999,1.999
2023-08-02,5Y,0.1672,5,JGB102(20)|JGB103(20)|JGB104(20)|JGB159(5)|JGB351(10),4.884,4.884
2023-08-02,10Y,0.5863,3,JGB11(30)|JGB145(20)|JGB371(10),9.884,9.884
2023-08-02,20Y,1.24,2,JGB185(20)|JGB39(30),19.882,19.882
2023-08-02,30Y,1.4895,2,JGB WI(30)-08|JGB79(30),29.884,29.884
2023-08-02,40Y,1.625,1,JGB16(40),39.63,39.63
2023-08-03,2Y,0.01,1,JGB451(2),1.996,1.996
2023-08-03,5Y,0.183,5,JGB102(20)|JGB103(20)|JGB104(20)|JGB159(5)|JGB351(10),4.882,4.882
2023-08-03,10Y,0.6177,3,JGB11(30)|JGB145(20)|JGB371(10),9.881,9.881
2023-08-03,20Y,1.2635,2,JGB185(20)|JGB39(30),19.88,19.88
2023-08-03,30Y,1.501,2,JGB WI(30)-08|JGB79(30),29.881,29.881
2023-08-03,40Y,1.648,1,JGB16(40),39.628,39.628
2023-08-04,2Y,0.02,1,JGB451(2),1.993,1.993
2023-08-04,5Y,0.2102,5,JGB102(20)|JGB103(20)|JGB104(20)|JGB159(5)|JGB351(10),4.879,4.879
2023-08-04,10Y,0.6463,3,JGB11(30)|JGB145(20)|JGB371(10),9.878,9.878
2023-08-04,20Y,1.2935,2,JGB185(20)|JGB39(30),19.877,19.877
2023-08-04,30Y,1.5305,2,JGB WI(30)-08|JGB79(30),29.878,29.878
2023-08-04,40Y,1.675,1,JGB16(40),39.625,39.625
2023-08-07,2Y,0.02,1,JGB451(2),1.985,1.985
2023-08-07,5Y,0.24,3,JGB105(20)|JGB106(20)|JGB352(10),5.123,5.123
2023-08-07,10Y,0.6635,2,JGB12(30)|JGB146(20),10.122,10.122
2023-08-07,20Y,1.323,1,JGB40(30),20.12,20.12
2023-08-07,30Y,1.5505,2,JGB WI(30)-08|JGB79(30),29.87,29.87
2023-08-07,40Y,1.706,1,JGB16(40),39.617,39.617
2023-08-08,2Y,0.015,1,JGB451(2),1.982,1.982
2023-08-08,5Y,0.2263,3,JGB105(20)|JGB106(20)|JGB352(10),5.12,5.12
2023-08-08,10Y,0.639,2,JGB12(30)|JGB146(20),10.119,10.119
2023-08-08,20Y,1.309,1,JGB40(30),20.118,20.118
2023-08-08,30Y,1.539,2,JGB WI(30)-08|JGB79(30),29.867,29.867
2023-08-08,40Y,1.687,1,JGB16(40),39.614,39.614
2023-08-09,2Y,0.01,1,JGB451(2),1.979,1.979
2023-08-09,5Y,0.2183,3,JGB105(20)|JGB106(20)|JGB352(10),5.117,5.117
2023-08-09,10Y,0.6225,2,JGB12(30)|JGB146(20),10.116,10.116
2023-08-09,20Y,1.275,1,JGB40(30),20.115,20.115
2023-08-09,30Y,1.497,1,JGB79(30),29.864,29.864
2023-08-09,40Y,1.644,1,JGB16(40),39.611,39.611
2023-08-10,2Y,0.005,1,JGB451(2),1.977,1.977
2023-08-10,5Y,0.1887,3,JGB105(20)|JGB106(20)|JGB352(10),5.114,5.114
2023-08-10,10Y,0.581,2,JGB12(30)|JGB146(20),10.114,10.114
2023-08-10,20Y,1.222,1,JGB40(30),20.112,20.112
2023-08-10,30Y,1.456,1,JGB79(30),29.862,29.862
2023-08-10,40Y,1.597,1,JGB16(40),39.608,39.608
2023-08-14,2Y,0.01,1,JGB451(2),1.966,1.966
2023-08-14,5Y,0.2047,3,JGB105(20)|JGB106(20)|JGB352(10),5.103,5.103
2023-08-14,10Y,0.6015,2,JGB12(30)|JGB146(20),10.103,10.103
2023-08-14,20Y,1.256,1,JGB40(30),20.101,20.101
2023-08-14,30Y,1.493,1,JGB79(30),29.851,29.851
2023-08-14,40Y,1.643,1,JGB16(40),39.598,39.598
2023-08-15,2Y,0.015,1,JGB451(2),1.963,1.963
2023-08-15,5Y,0.223,3,JGB105(20)|JGB106(20)|JGB352(10),5.101,5.101
2023-08-15,10Y,0.637,2,JGB12(30)|JGB146(20),10.1,10.1
2023-08-15,20Y,1.294,1,JGB40(30),20.099,20.099
2023-08-15,30Y,1.53,1,JGB79(30),29.848,29.848
2023-08-15,40Y,1.675,1,JGB16(40),39.595,39.595
2023-08-16,2Y,0.015,1,JGB451(2),1.96,1.96
2023-08-16,5Y,0.221,3,JGB105(20)|JGB106(20)|JGB352(10),5.098,5.098
2023-08-16,10Y,0.643,2,JGB12(30)|JGB146(20),10.097,10.097
2023-08-16,20Y,1.304,1,JGB40(30),20.096,20.096
2023-08-16,30Y,1.534,1,JGB79(30),29.845,29.845
2023-08-16,40Y,1.675,1,JGB16(40),39.592,39.592
2023-08-17,2Y,0.015,1,JGB451(2),1.958,1.958
2023-08-17,5Y,0.2197,3,JGB105(20)|JGB106(20)|JGB352(10),5.095,5.095
2023-08-17,10Y,0.638,2,JGB12(30)|JGB146(20),10.094,10.094
2023-08-17,20Y,1.289,1,JGB40(30),20.093,20.093
2023-08-17,30Y,1.518,1,JGB79(30),29.843,29.843
2023-08-17,40Y,1.66,1,JGB16(40),39.589,39.589
2023-08-18,2Y,0.025,1,JGB451(2),1.955,1.955
2023-08-18,5Y,0.24,3,JGB105(20)|JGB106(20)|JGB352(10),5.092,5.092
2023-08-18,10Y,0.667,2,JGB12(30)|JGB146(20),10.092,10.092
2023-08-18,20Y,1.346,1,JGB40(30),20.09,20.09
2023-08-18,30Y,1.575,1,JGB79(30),29.84,29.84
2023-08-18,40Y,1.71,1,JGB16(40),39.587,39.587
2023-08-21,2Y,0.02,1,JGB451(2),1.947,1.947
2023-08-21,5Y,0.2223,3,JGB105(20)|JGB106(20)|JGB352(10),5.084,5.084
2023-08-21,10Y,0.6375,2,JGB12(30)|JGB146(20),10.084,10.084
2023-08-21,20Y,1.327,1,JGB40(30),20.082,20.082
2023-08-21,30Y,1.563,1,JGB79(30),29.832,29.832
2023-08-21,40Y,1.698,1,JGB16(40),39.578,39.578
2023-08-22,2Y,0.03,5,JGB145(5)|JGB340(10)|JGB451(2)|JGB81(20)|JGB82(20),1.944,2.081
2023-08-22,5Y,0.2387,3,JGB105(20)|JGB106(20)|JGB352(10),5.081,5.081
2023-08-22,10Y,0.6635,2,JGB12(30)|JGB146(20),10.081,10.081
2023-08-22,20Y,1.36,1,JGB40(30),20.079,20.079
2023-08-22,30Y,1.583,1,JGB79(30),29.829,29.829
2023-08-22,40Y,1.721,1,JGB16(40),39.576,39.576
2023-08-23,2Y,0.0257,6,JGB WI(2)-09|JGB145(5)|JGB340(10)|JGB451(2)|JGB81(20)|JGB82(20),1.941,2.078
2023-08-23,5Y,0.249,3,JGB105(20)|JGB106(20)|JGB352(10),5.079,5.079
2023-08-23,10Y,0.679,2,JGB12(30)|JGB146(20),10.078,10.078
2023-08-23,20Y,1.379,1,JGB40(30),20.077,20.077
2023-08-23,30Y,1.595,1,JGB79(30),29.826,29.826
2023-08-23,40Y,1.729,1,JGB16(40),39.573,39.573
2023-08-24,2Y,0.0263,6,JGB WI(2)-09|JGB145(5)|JGB340(10)|JGB451(2)|JGB81(20)|JGB82(20),1.938,2.075
2023-08-24,5Y,0.2547,3,JGB105(20)|JGB106(20)|JGB352(10),5.076,5.076
2023-08-24,10Y,0.689,2,JGB12(30)|JGB146(20),10.075,10.075
2023-08-24,20Y,1.388,1,JGB40(30),20.074,20.074
2023-08-24,30Y,1.607,1,JGB79(30),29.823,29.823
2023-08-24,40Y,1.74,1,JGB16(40),39.57,39.57
2023-08-25,2Y,0.0142,6,JGB WI(2)-09|JGB145(5)|JGB340(10)|JGB451(2)|JGB81(20)|JGB82(20),1.936,2.073
2023-08-25,5Y,0.235,3,JGB105(20)|JGB106(20)|JGB352(10),5.073,5.073
2023-08-25,10Y,0.6585,2,JGB12(30)|JGB146(20),10.073,10.073
2023-08-25,20Y,1.355,1,JGB40(30),20.071,20.071
2023-08-25,30Y,1.579,1,JGB79(30),29.821,29.821
2023-08-25,40Y,1.706,1,JGB16(40),39.567,39.567
2023-08-28,2Y,0.0138,6,JGB WI(2)-09|JGB145(5)|JGB340(10)|JGB451(2)|JGB81(20)|JGB82(20),1.927,2.064
2023-08-28,5Y,0.2437,3,JGB105(20)|JGB106(20)|JGB352(10),5.065,5.065
2023-08-28,10Y,0.6685,2,JGB12(30)|JGB146(20),10.064,10.064
2023-08-28,20Y,1.36,1,JGB40(30),20.063,20.063
2023-08-28,30Y,1.587,1,JGB79(30),29.812,29.812
2023-08-28,40Y,1.711,1,JGB16(40),39.559,39.559
2023-08-29,2Y,0.0133,6,JGB WI(2)-09|JGB145(5)|JGB340(10)|JGB451(2)|JGB81(20)|JGB82(20),1.925,2.062
2023-08-29,5Y,0.2447,3,JGB105(20)|JGB106(20)|JGB352(10),5.062,5.062
2023-08-29,10Y,0.674,2,JGB12(30)|JGB146(20),10.062,10.062
2023-08-29,20Y,1.365,1,JGB40(30),20.06,20.06
2023-08-29,30Y,1.591,1,JGB79(30),29.81,29.81
2023-08-29,40Y,1.714,1,JGB16(40),39.556,39.556
2023-08-30,2Y,0.0157,6,JGB145(5)|JGB340(10)|JGB451(2)|JGB452(2)|JGB81(20)|JGB82(20),1.922,2.059
2023-08-30,5Y,0.2323,3,JGB105(20)|JGB106(20)|JGB352(10),5.06,5.06
2023-08-30,10Y,0.653,2,JGB12(30)|JGB146(20),10.059,10.059
2023-08-30,20Y,1.341,1,JGB40(30),20.057,20.057
2023-08-30,30Y,1.579,1,JGB79(30),29.807,29.807
2023-08-30,40Y,1.706,1,JGB16(40),39.554,39.554
2023-08-31,2Y,0.022,6,JGB145(5)|JGB340(10)|JGB451(2)|JGB452(2)|JGB81(20)|JGB82(20),1.919,2.056
2023-08-31,5Y,0.24,3,JGB105(20)|JGB106(20)|JGB352(10),5.057,5.057
2023-08-31,10Y,0.6635,2,JGB12(30)|JGB146(20),10.056,10.056
2023-08-31,20Y,1.359,1,JGB40(30),20.055,20.055
2023-08-31,30Y,1.591,1,JGB79(30),29.804,29.804
2023-08-31,40Y,1.717,1,JGB16(40),39.551,39.551
2023-09-01,2Y,0.0182,5,JGB145(5)|JGB340(10)|JGB452(2)|JGB81(20)|JGB82(20),2.001,2.053
2023-09-01,5Y,0.2297,3,JGB105(20)|JGB106(20)|JGB352(10),5.054,5.054
2023-09-01,10Y,0.6585,2,JGB12(30)|JGB146(20),10.053,10.053
2023-09-01,20Y,1.36,1,JGB40(30),20.052,20.052
2023-09-01,30Y,1.5955,2,JGB WI(30)-09|JGB79(30),29.802,29.802
2023-09-01,40Y,1.725,1,JGB16(40),39.548,39.548
2023-09-04,2Y,0.0132,5,JGB145(5)|JGB340(10)|JGB452(2)|JGB81(20)|JGB82(20),1.993,2.045
2023-09-04,5Y,0.2143,3,JGB105(20)|JGB106(20)|JGB352(10),5.046,5.046
2023-09-04,10Y,0.637,2,JGB12(30)|JGB146(20),10.045,10.045
2023-09-04,20Y,1.326,1,JGB40(30),20.044,20.044
2023-09-04,30Y,1.5675,2,JGB WI(30)-09|JGB79(30),29.793,29.793
2023-09-04,40Y,1.702,1,JGB16(40),39.54,39.54
2023-09-05,2Y,0.0124,5,JGB145(5)|JGB340(10)|JGB452(2)|JGB81(20)|JGB82(20),1.99,2.042
2023-09-05,5Y,0.2227,3,JGB105(20)|JGB106(20)|JGB352(10),5.043,5.043
2023-09-05,10Y,0.653,2,JGB12(30)|JGB146(20),10.042,10.042
2023-09-05,20Y,1.346,1,JGB40(30),20.041,20.041
2023-09-05,30Y,1.5795,2,JGB WI(30)-09|JGB79(30),29.791,29.791
2023-09-05,40Y,1.721,1,JGB16(40),39.537,39.537
2023-09-06,2Y,0.012,5,JGB145(5)|JGB340(10)|JGB452(2)|JGB81(20)|JGB82(20),1.988,2.04
2023-09-06,5Y,0.235,3,JGB105(20)|JGB106(20)|JGB352(10),5.04,5.04
2023-09-06,10Y,0.6675,2,JGB12(30)|JGB146(20),10.04,10.04
2023-09-06,20Y,1.355,1,JGB40(30),20.038,20.038
2023-09-06,30Y,1.584,2,JGB WI(30)-09|JGB79(30),29.788,29.788
2023-09-06,40Y,1.725,1,JGB16(40),39.535,39.535
2023-09-07,2Y,0.0088,5,JGB145(5)|JGB340(10)|JGB452(2)|JGB81(20)|JGB82(20),1.985,2.037
2023-09-07,5Y,0.2317,3,JGB105(20)|JGB106(20)|JGB352(10),5.038,5.038
2023-09-07,10Y,0.663,2,JGB12(30)|JGB146(20),10.037,10.037
2023-09-07,20Y,1.35,1,JGB40(30),20.036,20.036
2023-09-07,30Y,1.5705,2,JGB WI(30)-09|JGB79(30),29.785,29.785
2023-09-07,40Y,1.71,1,JGB16(40),39.532,39.532
2023-09-08,2Y,0.003,5,JGB145(5)|JGB340(10)|JGB452(2)|JGB81(20)|JGB82(20),1.982,2.034
2023-09-08,5Y,0.229,3,JGB105(20)|JGB106(20)|JGB352(10),5.035,5.035
2023-09-08,10Y,0.6685,2,JGB12(30)|JGB146(20),10.034,10.034
2023-09-08,20Y,1.369,1,JGB40(30),20.033,20.033
2023-09-08,30Y,1.579,1,JGB79(30),29.782,29.782
2023-09-08,40Y,1.714,1,JGB16(40),39.529,39.529
2023-09-11,2Y,-0.0054,5,JGB145(5)|JGB340(10)|JGB452(2)|JGB81(20)|JGB82(20),1.974,2.026
2023-09-11,5Y,0.2223,3,JGB105(20)|JGB106(20)|JGB352(10),5.027,5.027
2023-09-11,10Y,0.655,2,JGB12(30)|JGB146(20),10.026,10.026
2023-09-11,20Y,1.374,1,JGB40(30),20.025,20.025
2023-09-11,30Y,1.591,1,JGB79(30),29.774,29.774
2023-09-11,40Y,1.725,1,JGB16(40),39.521,39.521
2023-09-12,2Y,0.0342,5,JGB145(5)|JGB340(10)|JGB452(2)|JGB81(20)|JGB82(20),1.971,2.023
2023-09-12,5Y,0.2913,3,JGB105(20)|JGB106(20)|JGB352(10),5.024,5.024
2023-09-12,10Y,0.7165,2,JGB12(30)|JGB146(20),10.023,10.023
2023-09-12,20Y,1.425,1,JGB40(30),20.022,20.022
2023-09-12,30Y,1.628,1,JGB79(30),29.771,29.771
2023-09-12,40Y,1.76,1,JGB16(40),39.518,39.518
2023-09-13,2Y,0.0252,5,JGB145(5)|JGB340(10)|JGB452(2)|JGB81(20)|JGB82(20),1.969,2.021
2023-09-13,5Y,0.2807,3,JGB105(20)|JGB106(20)|JGB352(10),5.021,5.021
2023-09-13,10Y,0.719,2,JGB12(30)|JGB146(20),10.021,10.021
2023-09-13,20Y,1.43,1,JGB40(30),20.019,20.019
2023-09-13,30Y,1.635,1,JGB79(30),29.769,29.769
2023-09-13,40Y,1.76,1,JGB16(40),39.515,39.515
2023-09-14,2Y,0.019,5,JGB145(5)|JGB340(10)|JGB452(2)|JGB81(20)|JGB82(20),1.966,2.018
2023-09-14,5Y,0.2807,3,JGB105(20)|JGB106(20)|JGB352(10),5.018,5.018
2023-09-14,10Y,0.714,2,JGB12(30)|JGB146(20),10.018,10.018
2023-09-14,20Y,1.407,1,JGB40(30),20.016,20.016
2023-09-14,30Y,1.603,1,JGB79(30),29.766,29.766
2023-09-14,40Y,1.725,1,JGB16(40),39.513,39.513
2023-09-15,2Y,0.0178,5,JGB145(5)|JGB340(10)|JGB452(2)|JGB81(20)|JGB82(20),1.963,2.015
2023-09-15,5Y,0.2757,3,JGB105(20)|JGB106(20)|JGB352(10),5.016,5.016
2023-09-15,10Y,0.7145,2,JGB12(30)|JGB146(20),10.015,10.015
2023-09-15,20Y,1.402,1,JGB40(30),20.014,20.014
2023-09-15,30Y,1.599,1,JGB79(30),29.763,29.763
2023-09-15,40Y,1.714,1,JGB16(40),39.51,39.51
2023-09-19,2Y,0.0186,5,JGB145(5)|JGB340(10)|JGB452(2)|JGB81(20)|JGB82(20),1.952,2.004
2023-09-19,5Y,0.273,3,JGB105(20)|JGB106(20)|JGB352(10),5.005,5.005
2023-09-19,10Y,0.7135,2,JGB12(30)|JGB146(20),10.004,10.004
2023-09-19,20Y,1.396,1,JGB40(30),20.003,20.003
2023-09-19,30Y,1.595,1,JGB79(30),29.752,29.752
2023-09-19,40Y,1.718,1,JGB16(40),39.499,39.499
2023-09-20,2Y,0.0228,5,JGB145(5)|JGB340(10)|JGB452(2)|JGB81(20)|JGB82(20),1.949,2.001
2023-09-20,5Y,0.286,3,JGB105(20)|JGB106(20)|JGB352(10),5.002,5.002
2023-09-20,10Y,0.726,2,JGB12(30)|JGB146(20),10.001,10.001
2023-09-20,20Y,1.42,1,JGB40(30),20.0,20.0
2023-09-20,30Y,1.619,1,JGB79(30),29.749,29.749
2023-09-20,40Y,1.7405,2,JGB WI(40)-09|JGB16(40),39.496,39.496
2023-09-21,2Y,0.0152,5,JGB145(5)|JGB340(10)|JGB452(2)|JGB81(20)|JGB82(20),1.947,1.999
2023-09-21,5Y,0.2853,3,JGB105(20)|JGB106(20)|JGB352(10),4.999,4.999
2023-09-21,10Y,0.728,2,JGB12(30)|JGB146(20),9.999,9.999
2023-09-21,20Y,1.42,1,JGB40(30),19.997,19.997
2023-09-21,30Y,1.615,1,JGB79(30),29.747,29.747
2023-09-21,40Y,1.7405,2,JGB WI(40)-09|JGB16(40),39.493,39.493
2023-09-22,2Y,0.026,6,JGB WI(2)-10|JGB145(5)|JGB340(10)|JGB452(2)|JGB81(20)|JGB82(20),1.944,2.026
2023-09-22,5Y,0.3107,3,JGB105(20)|JGB106(20)|JGB352(10),4.997,4.997
2023-09-22,10Y,0.7545,2,JGB12(30)|JGB146(20),9.996,9.996
2023-09-22,20Y,1.425,1,JGB40(30),19.995,19.995
2023-09-22,30Y,1.607,1,JGB79(30),29.744,29.744
2023-09-22,40Y,1.7205,2,JGB WI(40)-09|JGB16(40),39.491,39.491
2023-09-25,2Y,0.0263,6,JGB WI(2)-10|JGB145(5)|JGB340(10)|JGB452(2)|JGB81(20)|JGB82(20),1.936,2.018
2023-09-25,5Y,0.3087,3,JGB105(20)|JGB106(20)|JGB352(10),4.988,4.988
2023-09-25,10Y,0.752,2,JGB12(30)|JGB146(20),9.988,9.988
2023-09-25,20Y,1.425,1,JGB40(30),19.986,19.986
2023-09-25,30Y,1.611,1,JGB79(30),29.736,29.736
2023-09-25,40Y,1.734,2,JGB WI(40)-09|JGB16(40),39.483,39.483
2023-09-26,2Y,0.0203,6,JGB WI(2)-10|JGB145(5)|JGB340(10)|JGB452(2)|JGB81(20)|JGB82(20),1.933,2.015
2023-09-26,5Y,0.2977,3,JGB105(20)|JGB106(20)|JGB352(10),4.986,4.986
2023-09-26,10Y,0.734,2,JGB12(30)|JGB146(20),9.985,9.985
2023-09-26,20Y,1.421,1,JGB40(30),19.984,19.984
2023-09-26,30Y,1.611,1,JGB79(30),29.733,29.733
2023-09-26,40Y,1.734,2,JGB WI(40)-09|JGB16(40),39.48,39.48
2023-09-27,2Y,0.0208,6,JGB WI(2)-10|JGB145(5)|JGB340(10)|JGB452(2)|JGB81(20)|JGB82(20),1.93,2.012
2023-09-27,5Y,0.2983,3,JGB105(20)|JGB106(20)|JGB352(10),4.983,4.983
2023-09-27,10Y,0.7453,3,JGB WI(10)-10|JGB12(30)|JGB146(20),9.982,9.982
2023-09-27,20Y,1.425,1,JGB40(30),19.981,19.981
2023-09-27,30Y,1.62,1,JGB79(30),29.73,29.73
2023-09-27,40Y,1.733,1,JGB16(40),39.477,39.477
2023-09-28,2Y,0.0212,6,JGB WI(2)-10|JGB145(5)|JGB340(10)|JGB452(2)|JGB81(20)|JGB82(20),1.927,2.01
2023-09-28,5Y,0.2917,3,JGB105(20)|JGB106(20)|JGB352(10),4.98,4.98
2023-09-28,10Y,0.7447,3,JGB WI(10)-10|JGB12(30)|JGB146(20),9.979,9.979
2023-09-28,20Y,1.43,1,JGB40(30),19.978,19.978
2023-09-28,30Y,1.628,1,JGB79(30),29.728,29.728
2023-09-28,40Y,1.737,1,JGB16(40),39.474,39.474
2023-09-29,2Y,0.027,6,JGB145(5)|JGB340(10)|JGB452(2)|JGB453(2)|JGB81(20)|JGB82(20),1.925,2.007
2023-09-29,5Y,0.3113,3,JGB105(20)|JGB106(20)|JGB352(10),4.977,4.977
2023-09-29,10Y,0.7643,3,JGB WI(10)-10|JGB12(30)|JGB146(20),9.977,9.977
2023-09-29,20Y,1.439,1,JGB40(30),19.975,19.975
2023-09-29,30Y,1.64,1,JGB WI(30)-10,29.977,29.977
2023-09-29,40Y,1.744,1,JGB16(40),39.472,39.472
2023-10-02,2Y,0.0312,5,JGB145(5)|JGB340(10)|JGB453(2)|JGB81(20)|JGB82(20),1.969,1.999
2023-10-02,5Y,0.3227,3,JGB105(20)|JGB106(20)|JGB352(10),4.969,4.969
2023-10-02,10Y,0.775,3,JGB WI(10)-10|JGB12(30)|JGB146(20),9.969,9.969
2023-10-02,20Y,1.453,1,JGB40(30),19.967,19.967
2023-10-02,30Y,1.653,1,JGB WI(30)-10,29.969,29.969
2023-10-02,40Y,1.76,1,JGB16(40),39.463,39.463
2023-10-03,2Y,0.0384,5,JGB145(5)|JGB340(10)|JGB453(2)|JGB81(20)|JGB82(20),1.966,1.996
2023-10-03,5Y,0.3383,3,JGB105(20)|JGB106(20)|JGB352(10),4.966,4.966
2023-10-03,10Y,0.7817,3,JGB WI(10)-10|JGB12(30)|JGB146(20),9.966,9.966
2023-10-03,20Y,1.48,1,JGB40(30),19.964,19.964
2023-10-03,30Y,1.68,1,JGB WI(30)-10,29.966,29.966
2023-10-03,40Y,1.786,1,JGB16(40),39.461,39.461
2023-10-04,2Y,0.0364,5,JGB145(5)|JGB340(10)|JGB453(2)|JGB81(20)|JGB82(20),1.963,1.993
2023-10-04,5Y,0.328,3,JGB105(20)|JGB106(20)|JGB352(10),4.964,4.964
2023-10-04,10Y,0.762,3,JGB12(30)|JGB146(20)|JGB372(10),9.963,9.963
2023-10-04,20Y,1.485,1,JGB40(30),19.962,19.962
2023-10-04,30Y,1.685,1,JGB WI(30)-10,29.963,29.963
2023-10-04,40Y,1.79,1,JGB16(40),39.458,39.458
2023-10-05,2Y,0.042,5,JGB145(5)|JGB340(10)|JGB453(2)|JGB81(20)|JGB82(20),1.96,1.99
2023-10-05,5Y,0.354,4,JGB WI(5)-10|JGB105(20)|JGB106(20)|JGB352(10),4.961,4.961
2023-10-05,10Y,0.806,3,JGB12(30)|JGB146(20)|JGB372(10),9.96,9.96
2023-10-05,20Y,1.531,1,JGB40(30),19.959,19.959
2023-10-05,30Y,1.716,1,JGB WI(30)-10,29.96,29.96
2023-10-05,40Y,1.823,1,JGB16(40),39.455,39.455
2023-10-06,2Y,0.0378,5,JGB145(5)|JGB340(10)|JGB453(2)|JGB81(20)|JGB82(20),1.958,1.988
2023-10-06,5Y,0.3385,4,JGB WI(5)-10|JGB105(20)|JGB106(20)|JGB352(10),4.958,4.958
2023-10-06,10Y,0.8003,3,JGB12(30)|JGB146(20)|JGB372(10),9.958,9.958
2023-10-06,20Y,1.544,1,JGB40(30),19.956,19.956
2023-10-06,30Y,1.739,1,JGB80(30),29.958,29.958
2023-10-06,40Y,1.838,1,JGB16(40),39.452,39.452
2023-10-10,2Y,0.0376,5,JGB145(5)|JGB340(10)|JGB453(2)|JGB81(20)|JGB82(20),1.947,1.977
2023-10-10,5Y,0.3423,4,JGB WI(5)-10|JGB105(20)|JGB106(20)|JGB352(10),4.947,4.947
2023-10-10,10Y,0.7983,3,JGB12(30)|JGB146(20)|JGB372(10),9.947,9.947
2023-10-10,20Y,1.545,1,JGB40(30),19.945,19.945
2023-10-10,30Y,1.749,1,JGB80(30),29.947,29.947
2023-10-10,40Y,1.853,1,JGB16(40),39.441,39.441
2023-10-11,2Y,0.0296,5,JGB145(5)|JGB340(10)|JGB453(2)|JGB81(20)|JGB82(20),1.944,1.974
2023-10-11,5Y,0.3243,4,JGB WI(5)-10|JGB105(20)|JGB106(20)|JGB352(10),4.945,4.945
2023-10-11,10Y,0.7703,3,JGB12(30)|JGB146(20)|JGB372(10),9.944,9.944
2023-10-11,20Y,1.5245,2,JGB WI(20)-10|JGB40(30),19.943,19.943
2023-10-11,30Y,1.736,1,JGB80(30),29.944,29.944
2023-10-11,40Y,1.85,1,JGB16(40),39.439,39.439
2023-10-12,2Y,0.0294,5,JGB145(5)|JGB340(10)|JGB453(2)|JGB81(20)|JGB82(20),1.941,1.971
2023-10-12,5Y,0.323,4,JGB105(20)|JGB106(20)|JGB162(5)|JGB352(10),4.942,4.942
2023-10-12,10Y,0.7703,3,JGB12(30)|JGB146(20)|JGB372(10),9.941,9.941
2023-10-12,20Y,1.514,2,JGB WI(20)-10|JGB40(30),19.94,19.94
2023-10-12,30Y,1.715,1,JGB80(30),29.941,29.941
2023-10-12,40Y,1.831,1,JGB16(40),39.436,39.436
2023-10-13,2Y,0.015,5,JGB145(5)|JGB340(10)|JGB453(2)|JGB81(20)|JGB82(20),1.938,1.969
2023-10-13,5Y,0.304,4,JGB105(20)|JGB106(20)|JGB162(5)|JGB352(10),4.939,4.939
2023-10-13,10Y,0.75,3,JGB12(30)|JGB146(20)|JGB372(10),9.938,9.938
2023-10-13,20Y,1.471,2,JGB WI(20)-10|JGB40(30),19.937,19.937
2023-10-13,30Y,1.681,1,JGB80(30),29.938,29.938
2023-10-13,40Y,1.793,1,JGB16(40),39.433,39.433
2023-10-16,2Y,0.0096,5,JGB145(5)|JGB340(10)|JGB453(2)|JGB81(20)|JGB82(20),1.93,1.96
2023-10-16,5Y,0.309,4,JGB105(20)|JGB106(20)|JGB162(5)|JGB352(10),4.931,4.931
2023-10-16,10Y,0.7587,3,JGB12(30)|JGB146(20)|JGB372(10),9.93,9.93
2023-10-16,20Y,1.485,2,JGB WI(20)-10|JGB40(30),19.929,19.929
2023-10-16,30Y,1.697,1,JGB80(30),29.93,29.93
2023-10-16,40Y,1.811,1,JGB16(40),39.425,39.425
2023-10-17,2Y,0.0088,5,JGB145(5)|JGB340(10)|JGB453(2)|JGB81(20)|JGB82(20),1.927,1.958
2023-10-17,5Y,0.3035,4,JGB105(20)|JGB106(20)|JGB162(5)|JGB352(10),4.928,4.928
2023-10-17,10Y,0.75,3,JGB12(30)|JGB146(20)|JGB372(10),9.927,9.927
2023-10-17,20Y,1.4945,2,JGB WI(20)-10|JGB40(30),19.926,19.926
2023-10-17,30Y,1.715,1,JGB80(30),29.927,29.927
2023-10-17,40Y,1.827,1,JGB16(40),39.422,39.422
2023-10-18,2Y,0.024,5,JGB145(5)|JGB340(10)|JGB453(2)|JGB81(20)|JGB82(20),1.925,1.955
2023-10-18,5Y,0.314,4,JGB105(20)|JGB106(20)|JGB162(5)|JGB352(10),4.925,4.925
2023-10-18,10Y,0.7807,3,JGB12(30)|JGB146(20)|JGB372(10),9.925,9.925
2023-10-18,20Y,1.5375,2,JGB186(20)|JGB40(30),19.923,19.923
2023-10-18,30Y,1.753,1,JGB80(30),29.925,29.925
2023-10-18,40Y,1.868,1,JGB16(40),39.42,39.42
2023-10-19,2Y,0.037,5,JGB145(5)|JGB340(10)|JGB453(2)|JGB81(20)|JGB82(20),1.922,1.952
2023-10-19,5Y,0.3387,4,JGB105(20)|JGB106(20)|JGB162(5)|JGB352(10),4.923,4.923
2023-10-19,10Y,0.805,3,JGB12(30)|JGB146(20)|JGB372(10),9.922,9.922
2023-10-19,20Y,1.5645,2,JGB186(20)|JGB40(30),19.921,19.921
2023-10-19,30Y,1.766,1,JGB80(30),29.922,29.922
2023-10-19,40Y,1.875,1,JGB16(40),39.417,39.417
2023-10-20,2Y,0.0482,5,JGB145(5)|JGB340(10)|JGB453(2)|JGB81(20)|JGB82(20),1.919,1.949
2023-10-20,5Y,0.3592,4,JGB105(20)|JGB106(20)|JGB162(5)|JGB352(10),4.92,4.92
2023-10-20,10Y,0.8383,3,JGB12(30)|JGB146(20)|JGB372(10),9.919,9.919
2023-10-20,20Y,1.6005,2,JGB186(20)|JGB40(30),19.918,19.918
2023-10-20,30Y,1.799,1,JGB80(30),29.919,29.919
2023-10-20,40Y,1.897,1,JGB16(40),39.414,39.414
2023-10-23,2Y,0.071,1,JGB453(2),1.941,1.941
2023-10-23,5Y,0.3538,4,JGB105(20)|JGB106(20)|JGB162(5)|JGB352(10),4.912,4.912
2023-10-23,10Y,0.8333,3,JGB12(30)|JGB146(20)|JGB372(10),9.911,9.911
2023-10-23,20Y,1.6095,2,JGB186(20)|JGB40(30),19.91,19.91
2023-10-23,30Y,1.816,1,JGB80(30),29.911,29.911
2023-10-23,40Y,1.91,1,JGB16(40),39.406,39.406
2023-10-24,2Y,0.086,2,JGB WI(2)-11|JGB453(2),1.938,2.023
2023-10-24,5Y,0.364,4,JGB105(20)|JGB106(20)|JGB162(5)|JGB352(10),4.909,4.909
2023-10-24,10Y,0.8583,3,JGB12(30)|JGB146(20)|JGB372(10),9.908,9.908
2023-10-24,20Y,1.6535,2,JGB186(20)|JGB40(30),19.907,19.907
2023-10-24,30Y,1.867,1,JGB80(30),29.908,29.908
2023-10-24,40Y,1.959,1,JGB16(40),39.403,39.403
2023-10-25,2Y,0.081,2,JGB WI(2)-11|JGB453(2),1.936,2.021
2023-10-25,5Y,0.3495,4,JGB105(20)|JGB106(20)|JGB162(5)|JGB352(10),4.906,4.906
2023-10-25,10Y,0.838,3,JGB12(30)|JGB146(20)|JGB372(10),9.906,9.906
2023-10-25,20Y,1.627,2,JGB186(20)|JGB40(30),19.904,19.904
2023-10-25,30Y,1.846,1,JGB80(30),29.906,29.906
2023-10-25,40Y,1.945,1,JGB16(40),39.4,39.4
2023-10-26,2Y,0.076,2,JGB WI(2)-11|JGB453(2),1.933,2.018
2023-10-26,5Y,0.3492,4,JGB105(20)|JGB106(20)|JGB162(5)|JGB352(10),4.903,4.903
2023-10-26,10Y,0.848,3,JGB12(30)|JGB146(20)|JGB372(10),9.903,9.903
2023-10-26,20Y,1.614,2,JGB186(20)|JGB40(30),19.901,19.901
2023-10-26,30Y,1.825,1,JGB80(30),29.903,29.903
2023-10-26,40Y,1.923,1,JGB16(40),39.398,39.398
2023-10-27,2Y,0.0905,2,JGB WI(2)-11|JGB453(2),1.93,2.015
2023-10-27,5Y,0.3772,4,JGB105(20)|JGB106(20)|JGB162(5)|JGB352(10),4.901,4.901
2023-10-27,10Y,0.8785,4,JGB WI(10)-11|JGB12(30)|JGB146(20)|JGB372(10),9.9,9.9
2023-10-27,20Y,1.645,2,JGB186(20)|JGB40(30),19.899,19.899
2023-10-27,30Y,1.842,1,JGB80(30),29.9,29.9
2023-10-27,40Y,1.937,1,JGB16(40),39.395,39.395
2023-10-30,2Y,0.0915,2,JGB WI(2)-11|JGB453(2),1.922,2.007
2023-10-30,5Y,0.369,4,JGB105(20)|JGB106(20)|JGB162(5)|JGB352(10),4.893,4.893
2023-10-30,10Y,0.8702,4,JGB WI(10)-11|JGB12(30)|JGB146(20)|JGB372(10),9.892,9.892
2023-10-30,20Y,1.6405,2,JGB186(20)|JGB40(30),19.89,19.89
2023-10-30,30Y,1.829,1,JGB80(30),29.892,29.892
2023-10-30,40Y,1.923,1,JGB16(40),39.387,39.387
2023-10-31,2Y,0.112,2,JGB453(2)|JGB454(2),1.919,2.004
2023-10-31,5Y,0.391,4,JGB105(20)|JGB106(20)|JGB162(5)|JGB352(10),4.89,4.89
2023-10-31,10Y,0.889,4,JGB WI(10)-11|JGB12(30)|JGB146(20)|JGB372(10),9.889,9.889
2023-10-31,20Y,1.6585,2,JGB186(20)|JGB40(30),19.888,19.888
2023-10-31,30Y,1.846,1,JGB80(30),29.889,29.889
2023-10-31,40Y,1.93,1,JGB16(40),39.384,39.384
2023-11-01,2Y,0.15,1,JGB454(2),2.001,2.001
2023-11-01,5Y,0.4577,4,JGB105(20)|JGB106(20)|JGB162(5)|JGB352(10),4.887,4.887
2023-11-01,10Y,0.9442,4,JGB WI(10)-11|JGB12(30)|JGB146(20)|JGB372(10),9.886,9.886
2023-11-01,20Y,1.694,2,JGB186(20)|JGB40(30),19.885,19.885
2023-11-01,30Y,1.863,1,JGB80(30),29.886,29.886
2023-11-01,40Y,1.934,1,JGB16(40),39.381,39.381
2023-11-02,2Y,0.155,1,JGB454(2),1.999,1.999
2023-11-02,5Y,0.474,4,JGB105(20)|JGB106(20)|JGB162(5)|JGB352(10),4.884,4.884
2023-11-02,10Y,0.949,4,JGB WI(10)-11|JGB12(30)|JGB146(20)|JGB372(10),9.884,9.884
2023-11-02,20Y,1.7025,2,JGB186(20)|JGB40(30),19.882,19.882
2023-11-02,30Y,1.879,1,JGB80(30),29.884,29.884
2023-11-02,40Y,1.95,1,JGB16(40),39.379,39.379
2023-11-06,2Y,0.135,1,JGB454(2),1.988,1.988
2023-11-06,5Y,0.4583,3,JGB107(20)|JGB108(20)|JGB353(10),5.123,5.123
2023-11-06,10Y,0.9265,2,JGB13(30)|JGB147(20),10.122,10.122
2023-11-06,20Y,1.677,1,JGB41(30),20.12,20.12
2023-11-06,30Y,1.85,2,JGB WI(30)-11|JGB80(30),29.873,29.873
2023-11-06,40Y,1.93,1,JGB16(40),39.368,39.368
2023-11-07,2Y,0.125,1,JGB454(2),1.985,1.985
2023-11-07,5Y,0.4263,3,JGB107(20)|JGB108(20)|JGB353(10),5.12,5.12
2023-11-07,10Y,0.8815,2,JGB13(30)|JGB147(20),10.119,10.119
2023-11-07,20Y,1.624,1,JGB41(30),20.118,20.118
2023-11-07,30Y,1.813,2,JGB WI(30)-11|JGB80(30),29.87,29.87
2023-11-07,40Y,1.894,1,JGB16(40),39.365,39.365
2023-11-08,2Y,0.125,1,JGB454(2),1.982,1.982
2023-11-08,5Y,0.434,3,JGB107(20)|JGB108(20)|JGB353(10),5.117,5.117
2023-11-08,10Y,0.887,2,JGB13(30)|JGB147(20),10.116,10.116
2023-11-08,20Y,1.62,1,JGB41(30),20.115,20.115
2023-11-08,30Y,1.8095,2,JGB WI(30)-11|JGB80(30),29.867,29.867
2023-11-08,40Y,1.894,1,JGB16(40),39.362,39.362
2023-11-09,2Y,0.115,1,JGB454(2),1.979,1.979
2023-11-09,5Y,0.4167,3,JGB107(20)|JGB108(20)|JGB353(10),5.114,5.114
2023-11-09,10Y,0.8605,2,JGB13(30)|JGB147(20),10.114,10.114
2023-11-09,20Y,1.58,1,JGB41(30),20.112,20.112
2023-11-09,30Y,1.77,2,JGB WI(30)-11|JGB80(30),29.864,29.864
2023-11-09,40Y,1.857,1,JGB16(40),39.359,39.359
2023-11-10,2Y,0.105,1,JGB454(2),1.977,1.977
2023-11-10,5Y,0.4117,3,JGB107(20)|JGB108(20)|JGB353(10),5.112,5.112
2023-11-10,10Y,0.8505,2,JGB13(30)|JGB147(20),10.111,10.111
2023-11-10,20Y,1.539,1,JGB41(30),20.11,20.11
2023-11-10,30Y,1.723,1,JGB80(30),29.862,29.862
2023-11-10,40Y,1.811,1,JGB16(40),39.357,39.357
2023-11-13,2Y,0.105,1,JGB454(2),1.969,1.969
2023-11-13,5Y,0.4253,3,JGB107(20)|JGB108(20)|JGB353(10),5.103,5.103
2023-11-13,10Y,0.8685,2,JGB13(30)|JGB147(20),10.103,10.103
2023-11-13,20Y,1.558,1,JGB41(30),20.101,20.101
2023-11-13,30Y,1.74,1,JGB80(30),29.854,29.854
2023-11-13,40Y,1.82,1,JGB16(40),39.348,39.348
2023-11-14,2Y,0.1,1,JGB454(2),1.966,1.966
2023-11-14,5Y,0.435,3,JGB107(20)|JGB108(20)|JGB353(10),5.101,5.101
2023-11-14,10Y,0.8865,2,JGB13(30)|JGB147(20),10.1,10.1
2023-11-14,20Y,1.581,1,JGB41(30),20.099,20.099
2023-11-14,30Y,1.77,1,JGB80(30),29.851,29.851
2023-11-14,40Y,1.849,1,JGB16(40),39.346,39.346
2023-11-15,2Y,0.089,1,JGB454(2),1.963,1.963
2023-11-15,5Y,0.415,3,JGB107(20)|JGB108(20)|JGB353(10),5.098,5.098
2023-11-15,10Y,0.8655,2,JGB13(30)|JGB147(20),10.097,10.097
2023-11-15,20Y,1.566,1,JGB41(30),20.096,20.096
2023-11-15,30Y,1.761,1,JGB80(30),29.848,29.848
2023-11-15,40Y,1.846,1,JGB16(40),39.343,39.343
2023-11-16,2Y,0.064,1,JGB454(2),1.96,1.96
2023-11-16,5Y,0.3703,3,JGB107(20)|JGB108(20)|JGB353(10),5.095,5.095
2023-11-16,10Y,0.8125,2,JGB13(30)|JGB147(20),10.094,10.094
2023-11-16,20Y,1.512,1,JGB41(30),20.093,20.093
2023-11-16,30Y,1.714,1,JGB80(30),29.845,29.845
2023-11-16,40Y,1.805,1,JGB16(40),39.34,39.34
2023-11-17,2Y,0.054,1,JGB454(2),1.958,1.958
2023-11-17,5Y,0.367,3,JGB107(20)|JGB108(20)|JGB353(10),5.092,5.092
2023-11-17,10Y,0.8075,2,JGB13(30)|JGB147(20),10.092,10.092
2023-11-17,20Y,1.521,1,JGB41(30),20.09,20.09
2023-11-17,30Y,1.728,1,JGB80(30),29.843,29.843
2023-11-17,40Y,1.815,1,JGB16(40),39.337,39.337
2023-11-20,2Y,0.043,1,JGB454(2),1.949,1.949
2023-11-20,5Y,0.327,3,JGB107(20)|JGB108(20)|JGB353(10),5.084,5.084
2023-11-20,10Y,0.771,2,JGB13(30)|JGB147(20),10.084,10.084
2023-11-20,20Y,1.485,1,JGB41(30),20.082,20.082
2023-11-20,30Y,1.692,1,JGB80(30),29.834,29.834
2023-11-20,40Y,1.78,1,JGB16(40),39.329,39.329
2023-11-21,2Y,0.0176,5,JGB146(5)|JGB341(10)|JGB454(2)|JGB83(20)|JGB84(20),1.947,2.081
2023-11-21,5Y,0.3167,3,JGB107(20)|JGB108(20)|JGB353(10),5.081,5.081
2023-11-21,10Y,0.757,2,JGB13(30)|JGB147(20),10.081,10.081
2023-11-21,20Y,1.471,1,JGB41(30),20.079,20.079
2023-11-21,30Y,1.684,1,JGB80(30),29.832,29.832
2023-11-21,40Y,1.767,1,JGB16(40),39.326,39.326
2023-11-22,2Y,0.0116,5,JGB146(5)|JGB341(10)|JGB454(2)|JGB83(20)|JGB84(20),1.944,2.078
2023-11-22,5Y,0.2783,3,JGB107(20)|JGB108(20)|JGB353(10),5.079,5.079
2023-11-22,10Y,0.7115,2,JGB13(30)|JGB147(20),10.078,10.078
2023-11-22,20Y,1.416,1,JGB41(30),20.077,20.077
2023-11-22,30Y,1.62,1,JGB80(30),29.829,29.829
2023-11-22,40Y,1.7055,2,JGB WI(40)-11|JGB16(40),39.324,39.324
2023-11-24,2Y,0.034,6,JGB WI(2)-12|JGB146(5)|JGB341(10)|JGB454(2)|JGB83(20)|JGB84(20),1.938,2.073
2023-11-24,5Y,0.315,3,JGB107(20)|JGB108(20)|JGB353(10),5.073,5.073
2023-11-24,10Y,0.7475,2,JGB13(30)|JGB147(20),10.073,10.073
2023-11-24,20Y,1.466,1,JGB41(30),20.071,20.071
2023-11-24,30Y,1.667,1,JGB80(30),29.823,29.823
2023-11-24,40Y,1.76,2,JGB WI(40)-11|JGB16(40),39.318,39.318
2023-11-27,2Y,0.0535,6,JGB WI(2)-12|JGB146(5)|JGB341(10)|JGB454(2)|JGB83(20)|JGB84(20),1.93,2.064
2023-11-27,5Y,0.3523,3,JGB107(20)|JGB108(20)|JGB353(10),5.065,5.065
2023-11-27,10Y,0.792,2,JGB13(30)|JGB147(20),10.064,10.064
2023-11-27,20Y,1.503,1,JGB41(30),20.063,20.063
2023-11-27,30Y,1.697,1,JGB80(30),29.815,29.815
2023-11-27,40Y,1.7835,2,JGB WI(40)-11|JGB16(40),39.31,39.31
2023-11-28,2Y,0.0545,6,JGB WI(2)-12|JGB146(5)|JGB341(10)|JGB454(2)|JGB83(20)|JGB84(20),1.927,2.062
2023-11-28,5Y,0.347,3,JGB107(20)|JGB108(20)|JGB353(10),5.062,5.062
2023-11-28,10Y,0.7925,2,JGB13(30)|JGB147(20),10.062,10.062
2023-11-28,20Y,1.513,1,JGB41(30),20.06,20.06
2023-11-28,30Y,1.715,1,JGB80(30),29.812,29.812
2023-11-28,40Y,1.8045,2,JGB WI(40)-11|JGB16(40),39.307,39.307
2023-11-29,2Y,0.0488,6,JGB WI(2)-12|JGB146(5)|JGB341(10)|JGB454(2)|JGB83(20)|JGB84(20),1.925,2.059
2023-11-29,5Y,0.3267,3,JGB107(20)|JGB108(20)|JGB353(10),5.06,5.06
2023-11-29,10Y,0.772,2,JGB13(30)|JGB147(20),10.059,10.059
2023-11-29,20Y,1.508,1,JGB41(30),20.057,20.057
2023-11-29,30Y,1.718,1,JGB80(30),29.81,29.81
2023-11-29,40Y,1.815,1,JGB16(40),39.305,39.305
2023-11-30,2Y,0.0342,6,JGB WI(2)-12|JGB146(5)|JGB341(10)|JGB454(2)|JGB83(20)|JGB84(20),1.922,2.056
2023-11-30,5Y,0.2667,3,JGB107(20)|JGB108(20)|JGB353(10),5.057,5.057
2023-11-30,10Y,0.6965,2,JGB13(30)|JGB147(20),10.056,10.056
2023-11-30,20Y,1.434,1,JGB41(30),20.055,20.055
2023-11-30,30Y,1.654,1,JGB80(30),29.807,29.807
2023-11-30,40Y,1.775,1,JGB16(40),39.302,39.302
2023-12-01,2Y,0.0307,6,JGB146(5)|JGB341(10)|JGB454(2)|JGB455(2)|JGB83(20)|JGB84(20),1.919,2.053
2023-12-01,5Y,0.2653,3,JGB107(20)|JGB108(20)|JGB353(10),5.054,5.054
2023-12-01,10Y,0.6965,2,JGB13(30)|JGB147(20),10.053,10.053
2023-12-01,20Y,1.443,1,JGB41(30),20.052,20.052
2023-12-01,30Y,1.68,2,JGB WI(30)-12|JGB80(30),29.804,29.804
2023-12-01,40Y,1.794,1,JGB16(40),39.299,39.299
2023-12-04,2Y,0.0254,5,JGB146(5)|JGB341(10)|JGB455(2)|JGB83(20)|JGB84(20),1.993,2.045
2023-12-04,5Y,0.2747,3,JGB107(20)|JGB108(20)|JGB353(10),5.046,5.046
2023-12-04,10Y,0.7215,2,JGB13(30)|JGB147(20),10.045,10.045
2023-12-04,20Y,1.448,1,JGB41(30),20.044,20.044
2023-12-04,30Y,1.68,2,JGB WI(30)-12|JGB80(30),29.796,29.796
2023-12-04,40Y,1.793,1,JGB16(40),39.291,39.291
2023-12-05,2Y,0.015,5,JGB146(5)|JGB341(10)|JGB455(2)|JGB83(20)|JGB84(20),1.99,2.042
2023-12-05,5Y,0.2617,3,JGB107(20)|JGB108(20)|JGB353(10),5.043,5.043
2023-12-05,10Y,0.712,2,JGB13(30)|JGB147(20),10.042,10.042
2023-12-05,20Y,1.453,1,JGB41(30),20.041,20.041
2023-12-05,30Y,1.685,2,JGB WI(30)-12|JGB80(30),29.793,29.793
2023-12-05,40Y,1.798,1,JGB16(40),39.288,39.288
2023-12-06,2Y,0.0186,5,JGB146(5)|JGB341(10)|JGB455(2)|JGB83(20)|JGB84(20),1.988,2.04
2023-12-06,5Y,0.259,3,JGB107(20)|JGB108(20)|JGB353(10),5.04,5.04
2023-12-06,10Y,0.691,2,JGB13(30)|JGB147(20),10.04,10.04
2023-12-06,20Y,1.444,1,JGB41(30),20.038,20.038
2023-12-06,30Y,1.68,2,JGB WI(30)-12|JGB80(30),29.791,29.791
2023-12-06,40Y,1.79,1,JGB16(40),39.285,39.285
2023-12-07,2Y,0.0164,5,JGB146(5)|JGB341(10)|JGB455(2)|JGB83(20)|JGB84(20),1.985,2.037
2023-12-07,5Y,0.249,3,JGB107(20)|JGB108(20)|JGB353(10),5.038,5.038
2023-12-07,10Y,0.6705,2,JGB13(30)|JGB147(20),10.037,10.037
2023-12-07,20Y,1.397,1,JGB41(30),20.036,20.036
2023-12-07,30Y,1.624,2,JGB WI(30)-12|JGB80(30),29.788,29.788
2023-12-07,40Y,1.729,1,JGB16(40),39.283,39.283
2023-12-08,2Y,0.0698,5,JGB146(5)|JGB341(10)|JGB455(2)|JGB83(20)|JGB84(20),1.982,2.034
2023-12-08,5Y,0.343,3,JGB107(20)|JGB108(20)|JGB353(10),5.035,5.035
2023-12-08,10Y,0.7775,2,JGB13(30)|JGB147(20),10.034,10.034
2023-12-08,20Y,1.499,1,JGB41(30),20.033,20.033
2023-12-08,30Y,1.706,1,JGB80(30),29.785,29.785
2023-12-08,40Y,1.797,1,JGB16(40),39.28,39.28
2023-12-11,2Y,0.0756,5,JGB146(5)|JGB341(10)|JGB455(2)|JGB83(20)|JGB84(20),1.974,2.026
2023-12-11,5Y,0.3573,3,JGB107(20)|JGB108(20)|JGB353(10),5.027,5.027
2023-12-11,10Y,0.8005,2,JGB13(30)|JGB147(20),10.026,10.026
2023-12-11,20Y,1.543,1,JGB41(30),20.025,20.025
2023-12-11,30Y,1.758,1,JGB80(30),29.777,29.777
2023-12-11,40Y,1.841,1,JGB16(40),39.272,39.272
2023-12-12,2Y,0.0706,5,JGB146(5)|JGB341(10)|JGB455(2)|JGB83(20)|JGB84(20),1.971,2.023
2023-12-12,5Y,0.358,3,JGB107(20)|JGB108(20)|JGB353(10),5.024,5.024
2023-12-12,10Y,0.803,2,JGB13(30)|JGB147(20),10.023,10.023
2023-12-12,20Y,1.543,1,JGB41(30),20.022,20.022
2023-12-12,30Y,1.761,1,JGB80(30),29.774,29.774
2023-12-12,40Y,1.85,1,JGB16(40),39.269,39.269
2023-12-13,2Y,0.0496,5,JGB146(5)|JGB341(10)|JGB455(2)|JGB83(20)|JGB84(20),1.969,2.021
2023-12-13,5Y,0.3177,3,JGB107(20)|JGB108(20)|JGB353(10),5.021,5.021
2023-12-13,10Y,0.762,2,JGB13(30)|JGB147(20),10.021,10.021
2023-12-13,20Y,1.507,1,JGB41(30),20.019,20.019
2023-12-13,30Y,1.736,1,JGB80(30),29.771,29.771
2023-12-13,40Y,1.83,1,JGB16(40),39.266,39.266
2023-12-14,2Y,0.0288,5,JGB146(5)|JGB341(10)|JGB455(2)|JGB83(20)|JGB84(20),1.966,2.018
2023-12-14,5Y,0.273,3,JGB107(20)|JGB108(20)|JGB353(10),5.018,5.018
2023-12-14,10Y,0.712,2,JGB13(30)|JGB147(20),10.018,10.018
2023-12-14,20Y,1.439,1,JGB41(30),20.016,20.016
2023-12-14,30Y,1.667,1,JGB80(30),29.769,29.769
2023-12-14,40Y,1.76,1,JGB16(40),39.264,39.264
2023-12-15,2Y,0.0406,5,JGB146(5)|JGB341(10)|JGB455(2)|JGB83(20)|JGB84(20),1.963,2.015
2023-12-15,5Y,0.2823,3,JGB107(20)|JGB108(20)|JGB353(10),5.016,5.016
2023-12-15,10Y,0.697,2,JGB13(30)|JGB147(20),10.015,10.015
2023-12-15,20Y,1.42,1,JGB41(30),20.014,20.014
2023-12-15,30Y,1.639,1,JGB80(30),29.766,29.766
2023-12-15,40Y,1.736,1,JGB16(40),39.261,39.261
2023-12-18,2Y,0.07,5,JGB146(5)|JGB341(10)|JGB455(2)|JGB83(20)|JGB84(20),1.955,2.007
2023-12-18,5Y,0.3213,3,JGB107(20)|JGB108(20)|JGB353(10),5.008,5.008
2023-12-18,10Y,0.732,2,JGB13(30)|JGB147(20),10.007,10.007
2023-12-18,20Y,1.439,1,JGB41(30),20.005,20.005
2023-12-18,30Y,1.65,1,JGB80(30),29.758,29.758
2023-12-18,40Y,1.741,1,JGB16(40),39.253,39.253
2023-12-19,2Y,0.0588,5,JGB146(5)|JGB341(10)|JGB455(2)|JGB83(20)|JGB84(20),1.952,2.004
2023-12-19,5Y,0.29,3,JGB107(20)|JGB108(20)|JGB353(10),5.005,5.005
2023-12-19,10Y,0.6925,2,JGB13(30)|JGB147(20),10.004,10.004
2023-12-19,20Y,1.416,1,JGB41(30),20.003,20.003
2023-12-19,30Y,1.633,1,JGB80(30),29.755,29.755
2023-12-19,40Y,1.729,1,JGB16(40),39.25,39.25
2023-12-20,2Y,0.054,6,JGB WI(2)-01|JGB146(5)|JGB341(10)|JGB455(2)|JGB83(20)|JGB84(20),1.949,2.034
2023-12-20,5Y,0.2753,3,JGB107(20)|JGB108(20)|JGB353(10),5.002,5.002
2023-12-20,10Y,0.664,2,JGB13(30)|JGB147(20),10.001,10.001
2023-12-20,20Y,1.379,1,JGB41(30),20.0,20.0
2023-12-20,30Y,1.591,2,JGB7(40)|JGB80(30),29.752,30.248
2023-12-20,40Y,1.676,1,JGB16(40),39.247,39.247
2023-12-21,2Y,0.021,6,JGB WI(2)-01|JGB146(5)|JGB341(10)|JGB455(2)|JGB83(20)|JGB84(20),1.947,2.031
2023-12-21,5Y,0.203,3,JGB107(20)|JGB108(20)|JGB353(10),4.999,4.999
2023-12-21,10Y,0.578,2,JGB13(30)|JGB147(20),9.999,9.999
2023-12-21,20Y,1.286,1,JGB41(30),19.997,19.997
2023-12-21,30Y,1.522,1,JGB7(40),30.245,30.245
2023-12-21,40Y,1.613,1,JGB16(40),39.244,39.244
2023-12-22,2Y,0.0267,6,JGB WI(2)-01|JGB146(5)|JGB341(10)|JGB455(2)|JGB83(20)|JGB84(20),1.944,2.029
2023-12-22,5Y,0.2237,3,JGB107(20)|JGB108(20)|JGB353(10),4.997,4.997
2023-12-22,10Y,0.609,2,JGB13(30)|JGB147(20),9.996,9.996
2023-12-22,20Y,1.313,1,JGB41(30),19.995,19.995
2023-12-22,30Y,1.558,1,JGB7(40),30.242,30.242
2023-12-22,40Y,1.649,1,JGB16(40),39.242,39.242
2023-12-25,2Y,0.0392,6,JGB WI(2)-01|JGB146(5)|JGB341(10)|JGB455(2)|JGB83(20)|JGB84(20),1.936,2.021
2023-12-25,5Y,0.2493,3,JGB107(20)|JGB108(20)|JGB353(10),4.988,4.988
2023-12-25,10Y,0.6495,2,JGB13(30)|JGB147(20),9.988,9.988
2023-12-25,20Y,1.379,1,JGB41(30),19.986,19.986
2023-12-25,30Y,1.619,1,JGB7(40),30.234,30.234
2023-12-25,40Y,1.71,1,JGB16(40),39.233,39.233
2023-12-26,2Y,0.0297,6,JGB WI(2)-01|JGB146(5)|JGB341(10)|JGB455(2)|JGB83(20)|JGB84(20),1.933,2.018
2023-12-26,5Y,0.2343,3,JGB107(20)|JGB108(20)|JGB353(10),4.986,4.986
2023-12-26,10Y,0.636,2,JGB13(30)|JGB147(20),9.985,9.985
2023-12-26,20Y,1.374,1,JGB41(30),19.984,19.984
2023-12-26,30Y,1.614,1,JGB7(40),30.231,30.231
2023-12-26,40Y,1.706,1,JGB16(40),39.231,39.231
2023-12-27,2Y,0.0402,6,JGB146(5)|JGB341(10)|JGB455(2)|JGB456(2)|JGB83(20)|JGB84(20),1.93,2.015
2023-12-27,5Y,0.2443,3,JGB107(20)|JGB108(20)|JGB353(10),4.983,4.983
2023-12-27,10Y,0.6545,2,JGB13(30)|JGB147(20),9.982,9.982
2023-12-27,20Y,1.392,1,JGB41(30),19.981,19.981
2023-12-27,30Y,1.627,1,JGB7(40),30.229,30.229
2023-12-27,40Y,1.721,1,JGB16(40),39.228,39.228
2023-12-28,2Y,0.0257,6,JGB146(5)|JGB341(10)|JGB455(2)|JGB456(2)|JGB83(20)|JGB84(20),1.927,2.012
2023-12-28,5Y,0.211,3,JGB107(20)|JGB108(20)|JGB353(10),4.98,4.98
2023-12-28,10Y,0.62,2,JGB13(30)|JGB147(20),9.979,9.979
2023-12-28,20Y,1.356,1,JGB41(30),19.978,19.978
2023-12-28,30Y,1.588,1,JGB7(40),30.226,30.226
2023-12-28,40Y,1.687,1,JGB16(40),39.225,39.225
2023-12-29,2Y,0.017,6,JGB146(5)|JGB341(10)|JGB455(2)|JGB456(2)|JGB83(20)|JGB84(20),1.925,2.01
2023-12-29,5Y,0.1973,3,JGB107(20)|JGB108(20)|JGB353(10),4.977,4.977
2023-12-29,10Y,0.6137,3,JGB WI(10)-01|JGB13(30)|JGB147(20),9.977,9.977
2023-12-29,20Y,1.37,1,JGB41(30),19.975,19.975
2023-12-29,30Y,1.628,1,JGB7(40),30.223,30.223
2023-12-29,40Y,1.736,1,JGB16(40),39.222,39.222
