stock_id,stock_name,market,asset_type,isin_status,note
00400A,主動國泰動能高息,上市,equity,active,
00401A,主動摩根台灣鑫收,上市,equity,active,
00402A,主動安聯美國科技,上市,equity,active,
00403A,主動統一升級50,上市,equity,active,
00404A,主動聯博動能50,上市,equity,active,
00405A,主動富邦台灣龍耀,上市,equity,active,
00406A,主動中信台灣收益,上市,equity,active,
00407A,主動凱基台灣,上市,equity,active,
00408A,主動第一金優股息,上市,equity,active,
00409A,主動復華全球50,上市,equity,active,
00410A,主動永豐科技趨勢,上市,equity,active,
00411A,主動統一前沿科技,上櫃,equity,active,
0050,元大台灣50,上市,equity,active,
0051,元大中型100,上市,equity,active,
0052,富邦科技,上市,equity,active,
0053,元大電子,上市,equity,active,
0055,元大MSCI金融,上市,equity,active,
0056,元大高股息,上市,equity,active,
0057,富邦摩台,上市,equity,active,
0061,元大寶滬深,上市,equity,active,
006201,元大富櫃50,上櫃,equity,active,
006203,元大MSCI台灣,上市,equity,active,
006204,永豐臺灣加權,上市,equity,active,
006205,富邦上証,上市,equity,active,
006206,元大上證50,上市,equity,active,
006207,復華滬深,上市,equity,active,
006208,富邦台50,上市,equity,active,
00625K,富邦上証+R,上市,equity,active,
00631L,元大台灣50正2,上市,equity,active,
00632R,元大台灣50反1,上市,equity,active,
00633L,富邦上証正2,上市,equity,active,
00634R,富邦上証反1,上市,equity,active,
00635U,期元大S&P黃金,上市,commodity_futures,active,
00636,國泰中國A50,上市,equity,active,
00636K,國泰中國A50+U,上市,equity,active,
00637L,元大滬深300正2,上市,equity,active,
00638R,元大滬深300反1,上市,equity,active,
00639,富邦深100,上市,equity,active,
00640L,富邦日本正2,上市,equity,active,
00641R,富邦日本反1,上市,equity,active,
00642U,期元大S&P石油,上市,commodity_futures,active,
00643,群益深証中小,上市,equity,active,
00643K,群益深証中小+R,上市,equity,active,
00645,富邦日本,上市,equity,active,
00646,元大S&P500,上市,equity,active,
00647L,元大S&P500正2,上市,equity,active,
00648R,元大S&P500反1,上市,equity,active,
00650L,復華香港正2,上市,equity,active,
00651R,復華香港反1,上市,equity,active,
00652,富邦印度,上市,equity,active,
00653L,富邦印度正2,上市,equity,active,
00654R,富邦印度反1,上市,equity,active,
00655L,國泰中國A50正2,上市,equity,active,
00656R,國泰中國A50反1,上市,equity,active,
00657,國泰日經225,上市,equity,active,
00657K,國泰日經225+U,上市,equity,active,
00660,元大歐洲50,上市,equity,active,
00661,元大日經225,上市,equity,active,
00662,富邦NASDAQ,上市,equity,active,
00663L,國泰臺灣加權正2,上市,equity,active,
00664R,國泰臺灣加權反1,上市,equity,active,
00665L,富邦恒生國企正2,上市,equity,active,
00666R,富邦恒生國企反1,上市,equity,active,
00668,國泰美國道瓊,上市,equity,active,
00668K,國泰美國道瓊+U,上市,equity,active,
00669R,國泰美國道瓊反1,上市,equity,active,
00670L,富邦NASDAQ正2,上市,equity,active,
00671R,富邦NASDAQ反1,上市,equity,active,
00673R,期元大S&P原油反1,上市,commodity_futures,active,
00674R,期元大S&P黃金反1,上市,commodity_futures,active,
00675L,富邦臺灣加權正2,上市,equity,active,
00676R,富邦臺灣加權反1,上市,equity,active,
00678,群益那斯達克生技,上市,equity,active,
00679B,元大美債20年,上櫃,bond,active,skip
00680L,元大美債20正2,上市,bond,active,skip
00681R,元大美債20反1,上市,bond,active,skip
00682U,期元大美元指數,上市,currency,active,
00683L,期元大美元指正2,上市,equity,active,
00684R,期元大美元指反1,上市,equity,active,
00685L,群益臺灣加權正2,上市,equity,active,
00686R,群益臺灣加權反1,上市,equity,active,
00687B,國泰20年美債,上櫃,bond,active,skip
00687C,國泰20年美債+櫃U,上櫃,bond,active,skip
00688L,國泰20年美債正2,上市,bond,active,skip
00689R,國泰20年美債反1,上市,bond,active,skip
00690,兆豐藍籌30,上市,equity,active,
00692,富邦公司治理,上市,equity,active,
00693U,期街口S&P黃豆,上市,commodity_futures,active,
00694B,富邦美債1-3年,上櫃,bond,active,skip
00695B,富邦美債7-10年,上櫃,bond,active,skip
00696B,富邦美債20年,上櫃,bond,active,skip
00697B,元大美債7-10,上櫃,bond,active,skip
00700,富邦恒生國企,上市,equity,active,
00701,國泰股利精選30,上市,equity,active,
00702,國泰標普低波高息,上市,equity,active,
00703,台新MSCI中國,上市,equity,active,
00706L,期元大S&P日圓正2,上市,currency,active,
00707R,期元大S&P日圓反1,上市,currency,active,
00708L,期元大S&P黃金正2,上市,commodity_futures,active,
00709,富邦歐洲,上市,equity,active,
00710B,復華彭博非投等債,上市,bond,active,skip
00711B,復華彭博新興債,上市,bond,active,skip
00712,復華富時不動產,上市,equity,active,
00713,元大台灣高息低波,上市,equity,active,
00714,群益道瓊美國地產,上市,equity,active,
00715L,期街口S&P布蘭特油正2,上市,equity,active,
00717,富邦美國特別股,上市,equity,active,
00719B,元大美債1-3,上櫃,bond,active,skip
00720B,元大投資級公司債,上櫃,bond,active,skip
00722B,群益投資級電信債,上櫃,bond,active,skip
00723B,群益投資級科技債,上櫃,bond,active,skip
00724B,群益投資級金融債,上櫃,bond,active,skip
00725B,國泰投資級公司債,上櫃,bond,active,skip
00726B,國泰新興投等債,上櫃,bond,active,skip
00727B,國泰優選非投等債,上櫃,bond,active,skip
00728,第一金工業30,上市,equity,active,
00730,富邦臺灣優質高息,上市,equity,active,
00731,復華富時高息低波,上市,equity,active,
00733,富邦臺灣中小,上市,equity,active,
00734B,台新JPM新興債,上櫃,bond,active,skip
00735,國泰臺韓科技,上市,equity,active,
00736,國泰新興市場,上市,equity,active,
00737,國泰AI機器人,上市,equity,active,
00738U,期元大道瓊白銀,上市,commodity_futures,active,
00739,元大MSCI A股,上市,equity,active,
00740B,富邦全球投等債,上櫃,bond,active,skip
00741B,富邦全球非投等債,上櫃,bond,active,skip
00746B,富邦A級公司債,上櫃,bond,active,skip
00749B,凱基新興債10+,上櫃,bond,active,skip
00750B,凱基科技債10+,上櫃,bond,active,skip
00751B,元大AAA至A公司債,上櫃,bond,active,skip
00752,中信中國50,上市,equity,active,
00753L,中信中國50正2,上市,equity,active,
00754B,群益AAA-AA公司債,上櫃,bond,active,skip
00755B,群益投資級公用債,上櫃,bond,active,skip
00756B,群益投等新興公債,上櫃,bond,active,skip
00757,統一FANG+,上市,equity,active,
00758B,復華能源債,上櫃,bond,active,skip
00759B,復華製藥債,上櫃,bond,active,skip
00760B,復華新興企業債,上櫃,bond,active,skip
00761B,國泰A級公司債,上櫃,bond,active,skip
00762,元大全球AI,上市,equity,active,
00763U,期街口道瓊銅,上市,equity,active,
00764B,群益25年美債,上櫃,bond,active,skip
00768B,復華20年美債,上櫃,bond,active,skip
00770,國泰北美科技,上市,equity,active,
00771,元大US高息特別股,上市,equity,active,
00772B,中信高評級公司債,上櫃,bond,active,skip
00773B,中信優先金融債,上櫃,bond,active,skip
00775B,台新投等債15+,上市,bond,active,skip
00777B,凱基AAA至A公司債,上櫃,bond,active,skip
00778B,凱基金融債20+,上櫃,bond,active,skip
00779B,凱基美債25+,上櫃,bond,active,skip
00780B,國泰A級金融債,上櫃,bond,active,skip
00781B,國泰A級科技債,上櫃,bond,active,skip
00782B,國泰A級公用債,上櫃,bond,active,skip
00783,富邦中証500,上市,equity,active,
00785B,富邦金融投等債,上櫃,bond,active,skip
00786B,元大10年IG銀行債,上櫃,bond,active,skip
00787B,元大10年IG醫療債,上櫃,bond,active,skip
00788B,元大10年IG電能債,上櫃,bond,active,skip
00789B,復華公司債A3,上櫃,bond,active,skip
00791B,復華信用債1-5,上櫃,bond,active,skip
00792B,群益A級公司債,上櫃,bond,active,skip
00793B,群益AAA-A醫療債,上櫃,bond,active,skip
00795B,中信美國公債20年,上櫃,bond,active,skip
00799B,國泰A級醫療債,上櫃,bond,active,skip
00830,國泰費城半導體,上市,equity,active,
00834B,第一金金融債10+,上櫃,bond,active,skip
00836B,永豐10年A公司債,上櫃,bond,active,skip
00838B,永豐7-10年中國債,上櫃,bond,active,skip
00840B,凱基IG精選15+,上櫃,bond,active,skip
00841B,凱基AAA-AA公司債,上櫃,bond,active,skip
00842B,台新美元銀行債,上櫃,bond,active,skip
00844B,台新15年IG金融債,上櫃,bond,active,skip
00845B,富邦新興投等債,上櫃,bond,active,skip
00846B,富邦歐洲銀行債,上櫃,bond,active,skip
00847B,中信美國市政債,上櫃,bond,active,skip
00848B,中信新興亞洲債,上櫃,bond,active,skip
00849B,中信EM主權債0-5,上櫃,bond,active,skip
00850,元大臺灣ESG永續,上市,equity,active,
00851,台新全球AI,上市,equity,active,
00852L,國泰美國道瓊正2,上市,equity,active,
00853B,統一美債10年Aa-A,上櫃,bond,active,skip
00856B,永豐1-3年美公債,上櫃,bond,active,skip
00857B,永豐20年美公債,上櫃,bond,active,skip
00858,永豐美國500大,上櫃,equity,active,
00859B,群益0-1年美債,上櫃,bond,active,skip
00860B,群益1-5Y投資級債,上櫃,bond,active,skip
00861,元大全球未來通訊,上市,equity,active,
00862B,中信投資級公司債,上櫃,bond,active,skip
00863B,中信全球電信債,上櫃,bond,active,skip
00864B,中信美國公債0-1,上櫃,bond,active,skip
00865B,國泰US短期公債,上市,bond,active,skip
00867B,台新A-BBB電信債,上櫃,bond,active,skip
00870B,元大15年EM主權債,上櫃,bond,active,skip
00875,國泰網路資安,上市,equity,active,
00876,元大全球5G,上市,equity,active,
00877,復華中國5G,上櫃,equity,active,
00878,國泰永續高股息,上市,equity,active,
00881,國泰台灣科技龍頭,上市,equity,active,
00882,中信中國高股息,上市,equity,active,
00884B,中信低碳新興債,上櫃,bond,active,skip
00885,富邦越南,上市,equity,active,
00886,永豐美國科技,上櫃,equity,active,
00887,永豐中國科技50大,上櫃,equity,active,
00888,永豐台灣ESG,上櫃,equity,active,
00890B,凱基ESG BBB 債 15+,上櫃,bond,active,skip
00891,中信關鍵半導體,上市,equity,active,
00892,富邦台灣半導體,上市,equity,active,
00893,國泰智能電動車,上市,equity,active,
00894,中信小資高價30,上市,equity,active,
00895,富邦未來車,上市,equity,active,
00896,中信綠能及電動車,上市,equity,active,
00897,富邦基因免疫生技,上市,equity,active,
00898,國泰基因免疫革命,上市,equity,active,
00899,FT潔淨能源,上市,equity,active,
00900,富邦特選高股息30,上市,equity,active,
00901,永豐智能車供應鏈,上市,equity,active,
00902,中信電池及儲能,上市,equity,active,
00903,富邦元宇宙,上市,equity,active,
00904,台新臺灣半導體30,上市,equity,active,
00905,FT臺灣SMART,上市,equity,active,
00907,永豐優息存股,上市,equity,active,
00908,富邦入息REITs+,上市,equity,active,
00909,國泰數位支付服務,上市,equity,active,
00910,第一金太空衛星,上市,equity,active,
00911,兆豐洲際半導體,上市,equity,active,
00912,中信臺灣智慧50,上市,equity,active,
00913,兆豐台灣晶圓製造,上市,equity,active,
00915,凱基優選高股息30,上市,equity,active,
00916,國泰全球品牌50,上市,equity,active,
00917,中信特選金融,上市,equity,active,
00918,大華優利高填息30,上市,equity,active,
00919,群益台灣精選高息,上市,equity,active,
00920,富邦ESG綠色電力,上市,equity,active,
00921,兆豐龍頭等權重,上市,equity,active,
00922,國泰台灣領袖50,上市,equity,active,
00923,群益台ESG低碳50,上市,equity,active,
00924,復華S&P500成長,上市,equity,active,
00926,凱基全球菁英55,上市,equity,active,
00927,群益半導體收益,上市,equity,active,
00928,中信上櫃ESG 30,上櫃,equity,active,
00929,復華台灣科技優息,上市,equity,active,
00930,永豐ESG低碳高息,上市,equity,active,
00931B,統一美債20年,上櫃,bond,active,skip
00932,兆豐永續高息等權,上市,equity,active,
00933B,國泰10Y+金融債,上櫃,bond,active,skip
00934,中信成長高股息,上市,equity,active,
00935,野村臺灣新科技50,上市,equity,active,
00936,台新永續高息中小,上市,equity,active,
00937B,群益ESG投等債20+,上櫃,bond,active,skip
00938,凱基優選30,上市,equity,active,
00939,統一台灣高息動能,上市,equity,active,
00940,元大台灣價值高息,上市,equity,active,
00941,中信上游半導體,上市,equity,active,
00942B,台新美A公司債20+,上櫃,bond,active,skip
00943,兆豐電子高息等權,上市,equity,active,
00944,野村趨勢動能高息,上市,equity,active,
00945B,凱基美國非投等債,上市,bond,active,skip
00946,群益科技高息成長,上市,equity,active,
00947,台新臺灣IC設計,上市,equity,active,
00948B,中信優息投資級債,上櫃,bond,active,skip
00949,復華日本龍頭,上市,equity,active,
00950B,凱基A級公司債,上櫃,bond,active,skip
00951,台新日本半導體,上市,equity,active,
00952,凱基台灣AI50,上市,equity,active,
00953B,群益優選非投等債,上市,bond,active,skip
00954,中信日本半導體,上市,equity,active,
00955,中信日本商社,上櫃,equity,active,
00956,中信日經高股息,上市,equity,active,
00957B,兆豐US優選投等債,上櫃,bond,active,skip
00958B,永豐ESG銀行債15+,上櫃,bond,active,skip
00959B,大華投等美債15Y+,上櫃,bond,active,skip
00960,野村全球航運龍頭,上市,equity,active,
00961,FT臺灣永續高息,上市,equity,active,
00962,台新AI優息動能,上市,equity,active,
00963,中信全球高股息,上市,equity,active,
00964,中信亞太高股息,上市,equity,active,
00965,元大航太防衛科技,上市,equity,active,
00966B,統一ESG投等債15+,上櫃,bond,active,skip
00967B,元大優息美債,上櫃,bond,active,skip
00968B,元大優息投等債,上櫃,bond,active,skip
00969B,元大零息超長美債,上櫃,bond,active,skip
00970B,台新BBB投等債20+,上櫃,bond,active,skip
00971,野村美國研發龍頭,上市,equity,active,
00972,野村日本動能高息,上市,equity,active,
009800,中信NASDAQ,上市,equity,active,
009801,中信美國創新科技,上市,equity,active,
009802,富邦旗艦50,上市,equity,active,
009803,玉山市值動能50,上市,equity,active,
009804,聯邦台精彩50,上市,equity,active,
009805,台新美國電力基建,上市,equity,active,
009806,台新標普500,上櫃,equity,active,
009807,台新標普科技精選,上櫃,equity,active,
009808,華南永昌優選50,上市,equity,active,
009809,富邦淨零ESG50,上市,equity,active,
00980A,主動野村臺灣優選,上市,equity,active,
00980B,台新特選IG債10+,上櫃,bond,active,skip
00980D,主動聯博投等入息,上櫃,bond,active,skip
00980T,平衡凱基美國TOP,上櫃,multi_asset,active,
009810,玉山全球藍籌100,上市,equity,active,
009811,統一美國50,上市,equity,active,
009812,野村日本東證,上市,equity,active,
009813,貝萊德標普卓越50,上市,equity,active,
009814,富邦標普500,上櫃,equity,active,
009815,大華美國MAG7+,上櫃,equity,active,
009816,凱基台灣TOP50,上市,equity,active,
009817,國泰日本不動產,上市,equity,active,
009818,華南永昌NASDAQxT,上市,equity,active,
009819,中信數據及電力,上市,equity,active,
00981A,主動統一台股增長,上市,equity,active,
00981B,第一金優選非投債,上櫃,bond,active,skip
00981D,主動中信非投等債,上櫃,bond,active,skip
00981T,平衡凱基雙核收息,上市,multi_asset,active,
009820,元大納斯達克精選,上市,equity,active,
009821,野村稀土關鍵資源,上市,equity,active,
009822,華南永昌未來金融,上櫃,equity,active,
009823,群益S&P500,上櫃,equity,active,
009824,群益美國科技巨頭,上市,equity,active,
009825,聯邦美國金融創新,上櫃,equity,active,
009826,貝萊德世界股票,上市,equity,active,
009827,玉山未來全球算力,上市,equity,active,
009828,中信台日韓PCB,上市,equity,active,
009829,大華韓國KOSPI50,上市,equity,active,
00982A,主動群益台灣強棒,上市,equity,active,
00982B,FT投資級債20+,上櫃,bond,active,skip
00982D,主動富邦動態入息,上市,bond,active,skip
00982T,平衡兆豐台美動能,上市,multi_asset,active,
00983A,主動中信ARK創新,上市,equity,active,
00983B,大華優利美公債20,上櫃,bond,active,skip
00983D,主動富邦複合收益,上市,bond,active,skip
00984A,主動安聯台灣高息,上市,equity,active,
00984B,大華優利美A債15,上櫃,bond,active,skip
00984D,主動聯博全球非投,上市,bond,active,skip
00985A,主動野村台灣50,上市,equity,active,
00985B,群益ESG投等債0-5,上市,bond,active,skip
00985D,主動貝萊德優投等,上櫃,bond,active,skip
00986A,主動台新龍頭成長,上市,equity,active,
00986B,FT金融債10+,上櫃,bond,active,skip
00986D,主動復華金融債息,上櫃,bond,active,skip
00987A,主動台新優勢成長,上市,equity,active,
00987B,野村10+澳洲公債,上櫃,bond,active,skip
00987D,主動統一美債量化,上櫃,bond,active,skip
00988A,主動統一全球創新,上市,equity,active,
00988B,玉山嚴選非投債,上櫃,bond,active,skip
00989A,主動摩根美國科技,上市,equity,active,
00989B,台新美國非投等債,上櫃,bond,active,skip
00990A,主動元大AI新經濟,上市,equity,active,
00990B,國泰收益非投等債,上櫃,bond,active,skip
00991A,主動復華未來50,上市,equity,active,
00991B,貝萊德A級公司債,上市,bond,active,skip
00992A,主動群益科技創新,上市,equity,active,
00993A,主動安聯台灣,上市,equity,active,
00994A,主動第一金台股優,上市,equity,active,
00995A,主動中信台灣卓越,上市,equity,active,
00996A,主動兆豐台灣豐收,上市,equity,active,
00997A,主動群益美國增長,上市,equity,active,
00998A,主動復華金融股息,上櫃,equity,active,
00999A,主動野村臺灣高息,上市,equity,active,
