market,date,index_name,index_value,change,trade_volume_shares,trade_value,transactions
TPEx,2025-01-02,TPExIndex,252.69,-3.15,660228000.0,76284326000.0,578690.0
TPEx,2025-01-03,TPExIndex,252.35,-0.34,657452000.0,80049000000.0,564592.0
TPEx,2025-01-06,TPExIndex,255.31,2.96,683255000.0,79867412000.0,593245.0
TPEx,2025-01-07,TPExIndex,256.88,1.57,738072000.0,95328417000.0,672753.0
TPEx,2025-01-08,TPExIndex,256.08,-0.8,726784000.0,89155399000.0,656739.0
TPEx,2025-01-09,TPExIndex,250.81,-5.27,1009658000.0,110475220000.0,854162.0
TPEx,2025-01-10,TPExIndex,250.14,-0.67,783589000.0,88022367000.0,676705.0
TPEx,2025-01-13,TPExIndex,242.35,-7.79,836481000.0,88748008000.0,757906.0
TPEx,2025-01-14,TPExIndex,245.5,3.15,610964000.0,64167379000.0,522282.0
TPEx,2025-01-15,TPExIndex,244.74,-0.76,640881000.0,75955547000.0,605172.0
TPEx,2025-01-16,TPExIndex,249.57,4.83,707737000.0,88181007000.0,588717.0
TPEx,2025-01-17,TPExIndex,248.05,-1.52,737096000.0,89498601000.0,655140.0
TPEx,2025-01-20,TPExIndex,251.55,3.5,626811000.0,73816480000.0,548359.0
TPEx,2025-01-21,TPExIndex,251.04,-0.51,609067000.0,72123650000.0,539310.0
TPEx,2025-01-22,TPExIndex,252.95,1.91,718103000.0,87245551000.0,599489.0
TPEx,2025-02-03,TPExIndex,246.17,-6.78,629774000.0,78952169000.0,611645.0
TPEx,2025-02-04,TPExIndex,246.04,-0.13,681850000.0,87362615000.0,614514.0
TPEx,2025-02-05,TPExIndex,250.25,4.21,676521000.0,77455368000.0,633386.0
TPEx,2025-02-06,TPExIndex,252.48,2.23,790528000.0,83462543000.0,707770.0
TPEx,2025-02-07,TPExIndex,255.54,3.06,974326000.0,92790383000.0,776414.0
TPEx,2025-02-10,TPExIndex,253.57,-1.97,1005163000.0,95765208000.0,813650.0
TPEx,2025-02-11,TPExIndex,254.01,0.44,961351000.0,103421011000.0,844666.0
TPEx,2025-02-12,TPExIndex,253.12,-0.89,938483000.0,98914158000.0,783488.0
TPEx,2025-02-13,TPExIndex,255.08,1.96,734774000.0,86080915000.0,667506.0
TPEx,2025-02-14,TPExIndex,254.81,-0.27,772137000.0,90972211000.0,706398.0
TPEx,2025-02-17,TPExIndex,257.63,2.82,827576000.0,94451328000.0,767879.0
TPEx,2025-02-18,TPExIndex,260.75,3.12,865769000.0,104517161000.0,801191.0
TPEx,2025-02-19,TPExIndex,261.66,0.91,988791000.0,117413201000.0,914422.0
TPEx,2025-02-20,TPExIndex,261.64,-0.02,806189000.0,91009349000.0,766912.0
TPEx,2025-02-21,TPExIndex,263.43,1.79,789186000.0,86437188000.0,744372.0
TPEx,2025-02-24,TPExIndex,264.03,0.6,846726000.0,88460439000.0,741635.0
TPEx,2025-02-25,TPExIndex,262.51,-1.52,995634000.0,96236881000.0,820475.0
TPEx,2025-02-26,TPExIndex,262.22,-0.29,826848000.0,80630499000.0,684519.0
TPEx,2025-02-27,TPExIndex,259.92,-2.3,1136637000.0,109661513000.0,844055.0
TPEx,2025-03-03,TPExIndex,256.01,-3.91,778653000.0,85608881000.0,742700.0
TPEx,2025-03-04,TPExIndex,256.89,0.88,847382000.0,91103532000.0,720506.0
TPEx,2025-03-05,TPExIndex,259.99,3.1,795475000.0,87595728000.0,683442.0
TPEx,2025-03-06,TPExIndex,260.31,0.32,936246000.0,105749186000.0,790865.0
TPEx,2025-03-07,TPExIndex,257.23,-3.08,747592000.0,96269646000.0,732996.0
TPEx,2025-03-10,TPExIndex,255.29,-1.94,798623000.0,94471687000.0,753224.0
TPEx,2025-03-11,TPExIndex,251.52,-3.77,923422000.0,101630064000.0,870048.0
TPEx,2025-03-12,TPExIndex,252.11,0.59,900351000.0,99708664000.0,804190.0
TPEx,2025-03-13,TPExIndex,249.3,-2.81,908487000.0,100878834000.0,829999.0
TPEx,2025-03-14,TPExIndex,249.96,0.66,798463000.0,89271053000.0,718476.0
TPEx,2025-03-17,TPExIndex,250.78,0.82,882197000.0,87756246000.0,778341.0
TPEx,2025-03-18,TPExIndex,253.3,2.52,1082888000.0,99589471000.0,857757.0
TPEx,2025-03-19,TPExIndex,250.62,-2.68,1063235000.0,99530867000.0,881736.0
TPEx,2025-03-20,TPExIndex,254.45,3.83,1074748000.0,99040366000.0,850824.0
TPEx,2025-03-21,TPExIndex,253.89,-0.56,1080062000.0,113693756000.0,866425.0
TPEx,2025-03-24,TPExIndex,251.22,-2.67,1045842000.0,105468353000.0,862353.0
TPEx,2025-03-25,TPExIndex,251.54,0.32,1150380000.0,109029424000.0,894578.0
TPEx,2025-03-26,TPExIndex,252.11,0.57,995137000.0,94031666000.0,826903.0
TPEx,2025-03-27,TPExIndex,248.71,-3.4,796111000.0,74944449000.0,680210.0
TPEx,2025-03-28,TPExIndex,242.96,-5.75,968792000.0,90227714000.0,795045.0
TPEx,2025-03-31,TPExIndex,230.4,-12.56,1049308000.0,95963472000.0,867870.0
TPEx,2025-04-01,TPExIndex,235.78,5.38,757926000.0,73908081000.0,590280.0
TPEx,2025-04-02,TPExIndex,237.38,1.6,792645000.0,67056886000.0,588721.0
TPEx,2025-04-07,TPExIndex,214.38,-23.0,183522000.0,12327446000.0,255884.0
TPEx,2025-04-08,TPExIndex,200.03,-14.35,791328000.0,57019985000.0,647487.0
TPEx,2025-04-09,TPExIndex,185.14,-14.89,929772000.0,66606070000.0,793861.0
TPEx,2025-04-10,TPExIndex,202.06,16.92,539039000.0,38123993000.0,362019.0
TPEx,2025-04-11,TPExIndex,204.94,2.88,943237000.0,80848463000.0,829075.0
TPEx,2025-04-14,TPExIndex,208.61,3.67,834710000.0,78130225000.0,750529.0
TPEx,2025-04-15,TPExIndex,216.48,7.87,774516000.0,69478505000.0,704532.0
TPEx,2025-04-16,TPExIndex,212.87,-3.61,878576000.0,82158088000.0,815262.0
TPEx,2025-04-17,TPExIndex,212.08,-0.79,857247000.0,76104543000.0,691058.0
TPEx,2025-04-18,TPExIndex,212.13,0.05,670215000.0,57755064000.0,562783.0
TPEx,2025-04-21,TPExIndex,206.22,-5.91,670022000.0,54335874000.0,621792.0
TPEx,2025-04-22,TPExIndex,203.68,-2.54,737662000.0,63677576000.0,616363.0
TPEx,2025-04-23,TPExIndex,211.5,7.82,756138000.0,66900209000.0,589579.0
TPEx,2025-04-24,TPExIndex,212.75,1.25,813780000.0,72993616000.0,639186.0
TPEx,2025-04-25,TPExIndex,216.92,4.17,866299000.0,79556936000.0,676440.0
TPEx,2025-04-28,TPExIndex,219.41,2.49,804019000.0,74045689000.0,634653.0
TPEx,2025-04-29,TPExIndex,222.51,3.1,960174000.0,81919039000.0,743249.0
TPEx,2025-04-30,TPExIndex,219.98,-2.53,987594000.0,83270055000.0,790994.0
TPEx,2025-05-02,TPExIndex,223.89,3.91,878075000.0,78802036000.0,667383.0
TPEx,2025-05-05,TPExIndex,219.39,-4.5,1078896000.0,91900107000.0,880127.0
TPEx,2025-05-06,TPExIndex,221.42,2.03,751225000.0,69741038000.0,608696.0
TPEx,2025-05-07,TPExIndex,219.55,-1.87,875291000.0,80711897000.0,702313.0
TPEx,2025-05-08,TPExIndex,222.69,3.14,759689000.0,73530037000.0,602527.0
TPEx,2025-05-09,TPExIndex,223.55,0.86,971349000.0,99941317000.0,775110.0
TPEx,2025-05-12,TPExIndex,226.06,2.51,883695000.0,88940133000.0,706904.0
TPEx,2025-05-13,TPExIndex,228.18,2.12,989060000.0,101768144000.0,792744.0
TPEx,2025-05-14,TPExIndex,231.47,3.29,942999000.0,98903329000.0,785868.0
TPEx,2025-05-15,TPExIndex,230.13,-1.34,856652000.0,82227110000.0,733192.0
TPEx,2025-05-16,TPExIndex,230.92,0.79,770593000.0,74028052000.0,671344.0
TPEx,2025-05-19,TPExIndex,227.08,-3.84,704987000.0,67369012000.0,606989.0
TPEx,2025-05-20,TPExIndex,227.74,0.66,628605000.0,66619973000.0,535165.0
TPEx,2025-05-21,TPExIndex,230.26,2.52,778745000.0,76535876000.0,612212.0
TPEx,2025-05-22,TPExIndex,228.98,-1.28,737091000.0,73930079000.0,591890.0
TPEx,2025-05-23,TPExIndex,228.79,-0.19,835872000.0,83072988000.0,649667.0
TPEx,2025-05-26,TPExIndex,227.67,-1.12,716901000.0,64994657000.0,580116.0
TPEx,2025-05-27,TPExIndex,226.26,-1.41,901443000.0,71151063000.0,645207.0
TPEx,2025-05-28,TPExIndex,225.84,-0.42,875225000.0,71913171000.0,623148.0
TPEx,2025-05-29,TPExIndex,227.27,1.43,841177000.0,77524506000.0,588599.0
TPEx,2025-06-02,TPExIndex,222.04,-5.23,659618000.0,61132450000.0,531430.0
TPEx,2025-06-03,TPExIndex,222.5,0.46,764952000.0,75368901000.0,553406.0
TPEx,2025-06-04,TPExIndex,226.24,3.74,844524000.0,78457068000.0,618138.0
TPEx,2025-06-05,TPExIndex,227.23,0.99,819632000.0,84111035000.0,652042.0
TPEx,2025-06-06,TPExIndex,227.31,0.08,751665000.0,76658621000.0,612167.0
TPEx,2025-06-09,TPExIndex,227.9,0.59,949341000.0,85937927000.0,733859.0
TPEx,2025-06-10,TPExIndex,230.82,2.92,999453000.0,106405569000.0,776388.0
TPEx,2025-06-11,TPExIndex,234.01,3.19,975137000.0,112989347000.0,775247.0
TPEx,2025-06-12,TPExIndex,234.77,0.76,893368000.0,106784010000.0,755619.0
TPEx,2025-06-13,TPExIndex,231.18,-3.59,949232000.0,98840746000.0,759437.0
TPEx,2025-06-16,TPExIndex,231.2,0.02,703302000.0,77159634000.0,590939.0
TPEx,2025-06-17,TPExIndex,231.15,-0.05,902924000.0,99846510000.0,734578.0
TPEx,2025-06-18,TPExIndex,231.79,0.64,805885000.0,81767633000.0,656387.0
TPEx,2025-06-19,TPExIndex,228.56,-3.23,787009000.0,81467248000.0,649944.0
TPEx,2025-06-20,TPExIndex,226.55,-2.01,854576000.0,84043719000.0,650512.0
TPEx,2025-06-23,TPExIndex,226.34,-0.21,708939000.0,72360807000.0,572566.0
TPEx,2025-06-24,TPExIndex,231.31,4.97,820340000.0,99072167000.0,661881.0
TPEx,2025-06-25,TPExIndex,233.17,1.86,843146000.0,107795476000.0,664968.0
TPEx,2025-06-26,TPExIndex,233.22,0.05,821183000.0,105199009000.0,673348.0
TPEx,2025-06-27,TPExIndex,233.63,0.41,850013000.0,96959928000.0,657678.0
TPEx,2025-06-30,TPExIndex,231.35,-2.28,784359000.0,89341659000.0,641557.0
TPEx,2025-07-01,TPExIndex,232.21,0.86,781355000.0,89528771000.0,605499.0
TPEx,2025-07-02,TPExIndex,232.92,0.71,754259000.0,87654682000.0,584918.0
TPEx,2025-07-03,TPExIndex,234.6,1.68,791673000.0,93215721000.0,624245.0
TPEx,2025-07-04,TPExIndex,231.61,-2.99,828315000.0,103564583000.0,698924.0
TPEx,2025-07-07,TPExIndex,228.94,-2.67,715973000.0,82230329000.0,606697.0
TPEx,2025-07-08,TPExIndex,228.22,-0.72,722084000.0,77698502000.0,580735.0
TPEx,2025-07-09,TPExIndex,230.79,2.57,752580000.0,90303477000.0,631893.0
TPEx,2025-07-10,TPExIndex,231.02,0.23,893066000.0,111404801000.0,693391.0
TPEx,2025-07-11,TPExIndex,232.49,1.47,919759000.0,104482848000.0,727992.0
TPEx,2025-07-14,TPExIndex,230.59,-1.9,678459000.0,72638960000.0,561851.0
TPEx,2025-07-15,TPExIndex,232.32,1.73,948132000.0,101529150000.0,716651.0
TPEx,2025-07-16,TPExIndex,232.86,0.54,1094604000.0,115743092000.0,797906.0
TPEx,2025-07-17,TPExIndex,235.66,2.8,1025763000.0,98746338000.0,732755.0
TPEx,2025-07-18,TPExIndex,235.29,-0.37,1027729000.0,105018041000.0,776546.0
TPEx,2025-07-21,TPExIndex,234.59,-0.7,741191000.0,85357684000.0,639033.0
TPEx,2025-07-22,TPExIndex,228.76,-5.83,1097899000.0,113276421000.0,897393.0
TPEx,2025-07-23,TPExIndex,232.16,3.4,731035000.0,77422600000.0,588500.0
TPEx,2025-07-24,TPExIndex,232.93,0.77,800820000.0,83419360000.0,634245.0
TPEx,2025-07-25,TPExIndex,232.77,-0.16,703704000.0,73269798000.0,574126.0
TPEx,2025-07-28,TPExIndex,233.45,0.68,820491000.0,84458449000.0,633722.0
TPEx,2025-07-29,TPExIndex,231.16,-2.29,858041000.0,88716867000.0,723192.0
TPEx,2025-07-30,TPExIndex,231.45,0.29,908105000.0,86867112000.0,706530.0
TPEx,2025-07-31,TPExIndex,232.0,0.55,1081393000.0,110193538000.0,815207.0
TPEx,2025-08-01,TPExIndex,234.03,2.03,1136282000.0,106919321000.0,873297.0
TPEx,2025-08-04,TPExIndex,233.87,-0.16,1049052000.0,89902010000.0,843463.0
TPEx,2025-08-05,TPExIndex,237.03,3.16,1128122000.0,105691322000.0,878065.0
TPEx,2025-08-06,TPExIndex,236.05,-0.98,979946000.0,104183559000.0,830400.0
TPEx,2025-08-07,TPExIndex,239.54,3.49,1153876000.0,139318442000.0,951842.0
TPEx,2025-08-08,TPExIndex,239.79,0.25,1218944000.0,138994829000.0,1061250.0
TPEx,2025-08-11,TPExIndex,240.2,0.41,1181815000.0,125030600000.0,1016942.0
TPEx,2025-08-12,TPExIndex,242.36,2.16,1419853000.0,148191660000.0,1120333.0
TPEx,2025-08-13,TPExIndex,243.33,0.97,1675571000.0,177993728000.0,1380923.0
TPEx,2025-08-14,TPExIndex,245.53,2.2,1282870000.0,147721275000.0,1108364.0
TPEx,2025-08-15,TPExIndex,246.07,0.54,1381077000.0,166694851000.0,1186298.0
TPEx,2025-08-18,TPExIndex,248.34,2.27,1327504000.0,160852124000.0,1155983.0
TPEx,2025-08-19,TPExIndex,246.97,-1.37,1240850000.0,159290245000.0,1108251.0
TPEx,2025-08-20,TPExIndex,241.32,-5.65,1110784000.0,133632245000.0,1016937.0
TPEx,2025-08-21,TPExIndex,245.68,4.36,1052598000.0,118175682000.0,895008.0
TPEx,2025-08-22,TPExIndex,244.14,-1.54,998586000.0,116223102000.0,863320.0
TPEx,2025-08-25,TPExIndex,247.48,3.34,861535000.0,108653543000.0,792940.0
TPEx,2025-08-26,TPExIndex,250.28,2.8,951858000.0,118177202000.0,842463.0
TPEx,2025-08-27,TPExIndex,253.83,3.55,1067171000.0,136743502000.0,984773.0
TPEx,2025-08-28,TPExIndex,253.99,0.16,1155237000.0,151005028000.0,1025389.0
TPEx,2025-08-29,TPExIndex,255.0,1.01,1151790000.0,149250453000.0,1070094.0
TPEx,2025-09-01,TPExIndex,252.37,-2.63,1071712000.0,143854005000.0,1024495.0
TPEx,2025-09-02,TPExIndex,251.05,-1.32,1232978000.0,155604767000.0,1061456.0
TPEx,2025-09-03,TPExIndex,253.85,2.8,1126286000.0,147612746000.0,1042144.0
TPEx,2025-09-04,TPExIndex,254.18,0.33,1266940000.0,149718971000.0,1105261.0
TPEx,2025-09-05,TPExIndex,258.03,3.85,1135087000.0,147953707000.0,983988.0
TPEx,2025-09-08,TPExIndex,259.78,1.75,1184719000.0,161470339000.0,1094748.0
TPEx,2025-09-09,TPExIndex,259.6,-0.18,1201322000.0,155371622000.0,1123747.0
TPEx,2025-09-10,TPExIndex,260.73,1.13,1265206000.0,165651128000.0,1127895.0
TPEx,2025-09-11,TPExIndex,256.58,-4.15,1288657000.0,163518032000.0,1187294.0
TPEx,2025-09-12,TPExIndex,258.09,1.51,1050837000.0,149946221000.0,985883.0
TPEx,2025-09-15,TPExIndex,255.82,-2.27,1007192000.0,136597122000.0,1006334.0
TPEx,2025-09-16,TPExIndex,259.33,3.51,1122265000.0,138268772000.0,972231.0
TPEx,2025-09-17,TPExIndex,257.89,-1.44,1101737000.0,142079977000.0,987784.0
TPEx,2025-09-18,TPExIndex,262.45,4.56,1176002000.0,156842383000.0,1037263.0
TPEx,2025-09-19,TPExIndex,263.28,0.83,1178949000.0,165076126000.0,1035515.0
TPEx,2025-09-22,TPExIndex,266.05,2.77,1082202000.0,153659988000.0,1011912.0
TPEx,2025-09-23,TPExIndex,265.54,-0.51,1167618000.0,165385713000.0,1056268.0
TPEx,2025-09-24,TPExIndex,264.87,-0.67,1091798000.0,147685556000.0,1046540.0
TPEx,2025-09-25,TPExIndex,263.13,-1.74,1089525000.0,137850528000.0,995264.0
TPEx,2025-09-26,TPExIndex,257.03,-6.1,1004292000.0,120973550000.0,925302.0
TPEx,2025-09-30,TPExIndex,261.52,4.49,806362000.0,103661836000.0,749033.0
TPEx,2025-10-01,TPExIndex,261.47,-0.05,957538000.0,118447721000.0,884484.0
TPEx,2025-10-02,TPExIndex,262.94,1.47,938377000.0,129256946000.0,884276.0
TPEx,2025-10-03,TPExIndex,263.66,0.72,921344000.0,116299978000.0,891084.0
TPEx,2025-10-07,TPExIndex,264.85,1.19,1059408000.0,148478681000.0,954844.0
TPEx,2025-10-08,TPExIndex,265.35,0.5,1032282000.0,132432128000.0,929426.0
TPEx,2025-10-09,TPExIndex,265.15,-0.2,931368000.0,123254124000.0,912322.0
TPEx,2025-10-13,TPExIndex,261.36,-3.79,877226000.0,117639227000.0,873476.0
TPEx,2025-10-14,TPExIndex,255.58,-5.78,1097705000.0,152935185000.0,1058195.0
TPEx,2025-10-15,TPExIndex,260.56,4.98,817269000.0,120652653000.0,854974.0
TPEx,2025-10-16,TPExIndex,263.52,2.96,923320000.0,127552400000.0,881262.0
TPEx,2025-10-17,TPExIndex,261.28,-2.24,714523000.0,93952232000.0,765504.0
TPEx,2025-10-20,TPExIndex,263.25,1.97,889505000.0,107406783000.0,785302.0
TPEx,2025-10-21,TPExIndex,265.85,2.6,1074440000.0,119516246000.0,922946.0
TPEx,2025-10-22,TPExIndex,264.47,-1.38,1037918000.0,106525133000.0,928690.0
TPEx,2025-10-23,TPExIndex,262.72,-1.75,897628000.0,94389039000.0,817412.0
TPEx,2025-10-27,TPExIndex,264.71,1.99,954667000.0,109403916000.0,847054.0
TPEx,2025-10-28,TPExIndex,264.19,-0.52,1008292000.0,143944388000.0,967501.0
TPEx,2025-10-29,TPExIndex,264.08,-0.11,1013522000.0,132909166000.0,960762.0
TPEx,2025-10-30,TPExIndex,262.02,-2.06,965556000.0,142717504000.0,972280.0
TPEx,2025-10-31,TPExIndex,264.31,2.29,929848000.0,131663768000.0,853430.0
TPEx,2025-11-03,TPExIndex,265.68,1.37,888805000.0,115002204000.0,819520.0
TPEx,2025-11-04,TPExIndex,261.0,-4.68,1038360000.0,132662769000.0,989210.0
TPEx,2025-11-05,TPExIndex,259.11,-1.89,991017000.0,131283692000.0,954598.0
TPEx,2025-11-06,TPExIndex,262.11,3.0,976823000.0,130284613000.0,888660.0
TPEx,2025-11-07,TPExIndex,258.86,-3.25,808314000.0,106876448000.0,784978.0
TPEx,2025-11-10,TPExIndex,257.26,-1.6,920450000.0,106101097000.0,822302.0
TPEx,2025-11-11,TPExIndex,256.7,-0.56,1058008000.0,126864813000.0,951161.0
TPEx,2025-11-12,TPExIndex,258.82,2.12,1077626000.0,125959909000.0,934297.0
TPEx,2025-11-13,TPExIndex,260.3,1.48,1305374000.0,156969214000.0,1080223.0
TPEx,2025-11-14,TPExIndex,256.25,-4.05,985728000.0,117763969000.0,920693.0
TPEx,2025-11-17,TPExIndex,255.96,-0.29,942185000.0,124836910000.0,854259.0
TPEx,2025-11-18,TPExIndex,250.06,-5.9,964407000.0,128883514000.0,905342.0
TPEx,2025-11-19,TPExIndex,246.7,-3.36,846860000.0,105219646000.0,759320.0
TPEx,2025-11-20,TPExIndex,252.95,6.25,838719000.0,119275100000.0,713085.0
TPEx,2025-11-21,TPExIndex,245.97,-6.98,985033000.0,119886210000.0,900515.0
TPEx,2025-11-24,TPExIndex,250.34,4.37,900403000.0,138182557000.0,715926.0
TPEx,2025-11-25,TPExIndex,254.4,4.06,869639000.0,133931427000.0,782004.0
TPEx,2025-11-26,TPExIndex,256.14,1.74,911211000.0,124291704000.0,824675.0
TPEx,2025-11-27,TPExIndex,258.24,2.1,910564000.0,130993602000.0,798975.0
TPEx,2025-11-28,TPExIndex,262.28,4.04,946622000.0,135377885000.0,843583.0
TPEx,2025-12-01,TPExIndex,259.72,-2.56,799138000.0,122410385000.0,756563.0
TPEx,2025-12-02,TPExIndex,259.13,-0.59,821376000.0,110670124000.0,714420.0
TPEx,2025-12-03,TPExIndex,260.55,1.42,1025210000.0,121923728000.0,847494.0
TPEx,2025-12-04,TPExIndex,259.86,-0.69,986228000.0,115065055000.0,834287.0
TPEx,2025-12-05,TPExIndex,260.65,0.79,664125000.0,81987120000.0,646554.0
TPEx,2025-12-08,TPExIndex,262.37,1.72,785237000.0,99499222000.0,722529.0
TPEx,2025-12-09,TPExIndex,264.19,1.82,883472000.0,117664131000.0,822174.0
TPEx,2025-12-10,TPExIndex,264.67,0.48,1035588000.0,147879919000.0,957001.0
TPEx,2025-12-11,TPExIndex,263.98,-0.69,1091168000.0,165563676000.0,1019748.0
TPEx,2025-12-12,TPExIndex,265.37,1.39,884911000.0,132980376000.0,882070.0
TPEx,2025-12-15,TPExIndex,265.16,-0.21,688991000.0,108097354000.0,703753.0
TPEx,2025-12-16,TPExIndex,260.24,-4.92,978061000.0,141494825000.0,950996.0
TPEx,2025-12-17,TPExIndex,261.45,1.21,948712000.0,117867285000.0,851690.0
TPEx,2025-12-18,TPExIndex,259.39,-2.06,803500000.0,99898079000.0,775841.0
TPEx,2025-12-19,TPExIndex,262.64,3.25,846031000.0,115636789000.0,737878.0
TPEx,2025-12-22,TPExIndex,266.85,4.21,880296000.0,119831497000.0,780685.0
TPEx,2025-12-23,TPExIndex,267.76,0.91,1065955000.0,134984487000.0,932789.0
TPEx,2025-12-24,TPExIndex,269.75,1.99,1148028000.0,143195662000.0,994433.0
TPEx,2025-12-26,TPExIndex,271.5,1.75,991007000.0,130379311000.0,937285.0
TPEx,2025-12-29,TPExIndex,272.82,1.32,1190876000.0,136900680000.0,1035727.0
TPEx,2025-12-30,TPExIndex,274.54,1.72,1133125000.0,131597329000.0,998707.0
TPEx,2025-12-31,TPExIndex,276.24,1.7,1032061000.0,151020229000.0,952621.0
TPEx,2026-01-02,TPExIndex,278.03,1.79,1157414000.0,161876942000.0,1122837.0
TPEx,2026-01-05,TPExIndex,275.66,-2.37,1201896000.0,169179209000.0,1187716.0
TPEx,2026-01-06,TPExIndex,278.97,3.31,1101782000.0,157227219000.0,1049346.0
TPEx,2026-01-07,TPExIndex,281.44,2.47,1069858000.0,149919776000.0,1011563.0
TPEx,2026-01-08,TPExIndex,280.06,-1.38,1205142000.0,155179871000.0,1089776.0
TPEx,2026-01-09,TPExIndex,279.85,-0.21,1191912000.0,149326555000.0,1050387.0
TPEx,2026-01-12,TPExIndex,286.57,6.72,1225174000.0,154756432000.0,1066411.0
TPEx,2026-01-13,TPExIndex,285.36,-1.21,1314661000.0,167376571000.0,1168597.0
TPEx,2026-01-14,TPExIndex,290.6,5.24,1346472000.0,158846188000.0,1111135.0
TPEx,2026-01-15,TPExIndex,291.16,0.56,1451910000.0,151096653000.0,1169140.0
TPEx,2026-01-16,TPExIndex,292.78,1.62,1445491000.0,167903876000.0,1216371.0
TPEx,2026-01-19,TPExIndex,295.11,2.33,1335993000.0,153384761000.0,1142559.0
TPEx,2026-01-20,TPExIndex,297.61,2.5,1605444000.0,185479338000.0,1244079.0
TPEx,2026-01-21,TPExIndex,293.16,-4.45,1584807000.0,226528943000.0,1405875.0
TPEx,2026-01-22,TPExIndex,297.82,4.66,1512478000.0,202614414000.0,1264398.0
TPEx,2026-01-23,TPExIndex,299.26,1.44,1336793000.0,174920855000.0,1171306.0
TPEx,2026-01-26,TPExIndex,302.65,3.39,1120591000.0,154933363000.0,1018718.0
TPEx,2026-01-27,TPExIndex,305.26,2.61,1282498000.0,188428480000.0,1165525.0
TPEx,2026-01-28,TPExIndex,309.28,4.02,1402492000.0,223688615000.0,1275048.0
TPEx,2026-01-29,TPExIndex,305.48,-3.8,1379544000.0,222926333000.0,1251347.0
TPEx,2026-01-30,TPExIndex,300.78,-4.7,1090279000.0,175830544000.0,999841.0
TPEx,2026-02-02,TPExIndex,294.32,-6.46,913909000.0,148013681000.0,902169.0
TPEx,2026-02-03,TPExIndex,298.26,3.94,968670000.0,182295470000.0,952999.0
TPEx,2026-02-04,TPExIndex,301.52,3.26,861280000.0,143231372000.0,811721.0
TPEx,2026-02-05,TPExIndex,296.36,-5.16,1019546000.0,156200399000.0,925433.0
TPEx,2026-02-06,TPExIndex,290.72,-5.64,929185000.0,162069673000.0,887819.0
TPEx,2026-02-09,TPExIndex,296.62,5.9,862705000.0,145623755000.0,795613.0
TPEx,2026-02-10,TPExIndex,296.52,-0.1,848581000.0,145469747000.0,875466.0
TPEx,2026-02-11,TPExIndex,297.71,1.19,770568000.0,121757886000.0,820568.0
TPEx,2026-02-23,TPExIndex,303.83,6.12,962927000.0,158133877000.0,877453.0
TPEx,2026-02-24,TPExIndex,311.44,7.61,1054579000.0,170852840000.0,979586.0
TPEx,2026-02-25,TPExIndex,313.24,1.8,1163003000.0,207567039000.0,1125949.0
TPEx,2026-02-26,TPExIndex,316.73,3.49,1151881000.0,214370356000.0,1084902.0
TPEx,2026-03-02,TPExIndex,316.01,-0.72,1093422000.0,174677693000.0,1116178.0
TPEx,2026-03-03,TPExIndex,308.81,-7.2,1307402000.0,208505139000.0,1250532.0
TPEx,2026-03-04,TPExIndex,293.8,-15.01,1102622000.0,175190596000.0,1116499.0
TPEx,2026-03-05,TPExIndex,304.21,10.41,965756000.0,159378591000.0,879852.0
TPEx,2026-03-06,TPExIndex,306.49,2.28,686193000.0,133920515000.0,695913.0
TPEx,2026-03-09,TPExIndex,288.96,-17.53,773041000.0,122978714000.0,843879.0
TPEx,2026-03-10,TPExIndex,297.53,8.57,812182000.0,145615688000.0,753240.0
TPEx,2026-03-11,TPExIndex,311.5,13.97,868614000.0,151068456000.0,839289.0
TPEx,2026-03-12,TPExIndex,311.59,0.09,942214000.0,164010614000.0,944393.0
TPEx,2026-03-13,TPExIndex,312.9,1.31,879052000.0,141838804000.0,847915.0
TPEx,2026-03-16,TPExIndex,317.19,4.29,891254000.0,155071202000.0,882663.0
TPEx,2026-03-17,TPExIndex,321.03,3.84,1140362000.0,190698775000.0,1067796.0
TPEx,2026-03-18,TPExIndex,329.4,8.37,1249552000.0,185368474000.0,1103648.0
TPEx,2026-03-19,TPExIndex,329.79,0.39,1223438000.0,209586926000.0,1164325.0
TPEx,2026-03-20,TPExIndex,328.4,-1.39,1286033000.0,254331350000.0,1227870.0
TPEx,2026-03-23,TPExIndex,317.02,-11.38,1050675000.0,180885871000.0,1133028.0
TPEx,2026-03-24,TPExIndex,312.74,-4.28,1137252000.0,211010392000.0,1095365.0
TPEx,2026-03-25,TPExIndex,324.87,12.13,896668000.0,154779696000.0,875688.0
TPEx,2026-03-26,TPExIndex,322.8,-2.07,1150642000.0,234742963000.0,1193169.0
TPEx,2026-03-27,TPExIndex,325.0,2.2,854620000.0,185551416000.0,894739.0
TPEx,2026-03-30,TPExIndex,320.4,-4.6,873117000.0,171436688000.0,904007.0
TPEx,2026-03-31,TPExIndex,307.73,-12.67,1014231000.0,200993428000.0,1045173.0
TPEx,2026-04-01,TPExIndex,321.19,13.46,753759000.0,147919030000.0,751749.0
TPEx,2026-04-02,TPExIndex,317.9,-3.29,831792000.0,179853553000.0,848798.0
TPEx,2026-04-07,TPExIndex,325.61,7.71,806265000.0,167715379000.0,830353.0
TPEx,2026-04-08,TPExIndex,341.2,15.59,982334000.0,209607993000.0,965291.0
TPEx,2026-04-09,TPExIndex,342.57,1.37,1308235000.0,250323691000.0,1263393.0
TPEx,2026-04-10,TPExIndex,349.5,6.93,1305613000.0,259760051000.0,1258581.0
TPEx,2026-04-13,TPExIndex,352.23,2.73,1281232000.0,237849112000.0,1249174.0
TPEx,2026-04-14,TPExIndex,356.0,3.77,1363755000.0,266319946000.0,1327796.0
TPEx,2026-04-15,TPExIndex,359.86,3.86,1385743000.0,277795129000.0,1342963.0
TPEx,2026-04-16,TPExIndex,365.96,6.1,1399109000.0,297828776000.0,1393513.0
TPEx,2026-04-17,TPExIndex,372.34,6.38,1442010000.0,263037229000.0,1344721.0
TPEx,2026-04-20,TPExIndex,383.5,11.16,1662907000.0,304485233000.0,1568681.0
TPEx,2026-04-21,TPExIndex,390.57,7.07,1548786000.0,334958019000.0,1549949.0
TPEx,2026-04-22,TPExIndex,395.08,4.51,1544262000.0,308494940000.0,1545412.0
TPEx,2026-04-23,TPExIndex,381.32,-13.76,1929408000.0,414853977000.0,2039946.0
TPEx,2026-04-24,TPExIndex,381.54,0.22,1363496000.0,325694985000.0,1491382.0
TPEx,2026-04-27,TPExIndex,377.05,-4.49,1191202000.0,276938830000.0,1296135.0
TPEx,2026-04-28,TPExIndex,382.06,5.01,1111700000.0,265708204000.0,1179631.0
TPEx,2026-04-29,TPExIndex,382.75,0.69,1037383000.0,234403788000.0,1070112.0
TPEx,2026-04-30,TPExIndex,384.58,1.83,1201140000.0,271449988000.0,1246510.0
TPEx,2026-05-04,TPExIndex,398.25,13.67,1199556000.0,260126366000.0,1198820.0
TPEx,2026-05-05,TPExIndex,407.44,9.19,1351741000.0,303156853000.0,1330460.0
TPEx,2026-05-06,TPExIndex,410.29,2.85,1868038000.0,427449042000.0,1866339.0
TPEx,2026-05-07,TPExIndex,416.41,6.12,1547123000.0,354431806000.0,1535003.0
TPEx,2026-05-08,TPExIndex,409.44,-6.97,1845092000.0,384750888000.0,1823919.0
TPEx,2026-05-11,TPExIndex,422.01,12.57,1555680000.0,303659213000.0,1473703.0
TPEx,2026-05-12,TPExIndex,425.71,3.7,1494359000.0,360248591000.0,1474281.0
TPEx,2026-05-13,TPExIndex,420.54,-5.17,1236329000.0,282187081000.0,1346610.0
TPEx,2026-05-14,TPExIndex,426.57,6.03,1489716000.0,305740062000.0,1464968.0
TPEx,2026-05-15,TPExIndex,411.18,-15.39,1536438000.0,318660972000.0,1651017.0
TPEx,2026-05-18,TPExIndex,409.63,-1.55,1162267000.0,235621031000.0,1191050.0
TPEx,2026-05-19,TPExIndex,398.18,-11.45,1264186000.0,252472138000.0,1368257.0
TPEx,2026-05-20,TPExIndex,396.42,-1.76,1274868000.0,239011465000.0,1303591.0
TPEx,2026-05-21,TPExIndex,409.8,13.38,1285797000.0,228915012000.0,1231243.0
TPEx,2026-05-22,TPExIndex,423.25,13.45,1416096000.0,260539283000.0,1341983.0
TPEx,2026-05-25,TPExIndex,434.99,11.74,1527706000.0,298890448000.0,1508074.0
TPEx,2026-05-26,TPExIndex,439.3,4.31,1528246000.0,297599214000.0,1440598.0
TPEx,2026-05-27,TPExIndex,440.19,0.89,1876164000.0,391179954000.0,1838260.0
TPEx,2026-05-28,TPExIndex,432.48,-7.71,1809365000.0,382056003000.0,1791399.0
TPEx,2026-05-29,TPExIndex,443.64,11.16,1566027000.0,380354259000.0,1507764.0
TPEx,2026-06-01,TPExIndex,446.02,2.38,1615738000.0,339380979000.0,1572095.0
TPEx,2026-06-02,TPExIndex,440.64,-5.38,1720583000.0,378403435000.0,1736191.0
TPEx,2026-06-03,TPExIndex,446.82,6.18,1517099000.0,325651920000.0,1466352.0
TPEx,2026-06-04,TPExIndex,440.1,-6.72,1426465000.0,278293572000.0,1451768.0
TPEx,2026-06-05,TPExIndex,431.07,-9.03,1592999000.0,299833281000.0,1491433.0
TPEx,2026-06-08,TPExIndex,412.57,-18.5,1221034000.0,221807242000.0,1227424.0
TPEx,2026-06-09,TPExIndex,424.71,12.14,1395460000.0,259621665000.0,1261588.0
TPEx,2026-06-10,TPExIndex,405.91,-18.8,1689969000.0,309540688000.0,1674906.0
TPEx,2026-06-11,TPExIndex,407.09,1.18,1481812000.0,279270297000.0,1382096.0
TPEx,2026-06-12,TPExIndex,419.72,12.63,1220719000.0,229150792000.0,1137189.0
TPEx,2026-06-15,TPExIndex,429.37,9.65,1188372000.0,225151078000.0,1124391.0
TPEx,2026-06-16,TPExIndex,430.26,0.89,1348361000.0,263579391000.0,1296699.0
TPEx,2026-06-17,TPExIndex,433.34,3.08,1336360000.0,243613581000.0,1312881.0
TPEx,2026-06-18,TPExIndex,447.06,13.72,1321365000.0,268462692000.0,1267086.0
TPEx,2026-06-22,TPExIndex,453.5,6.44,1410898000.0,280944242000.0,1439358.0
TPEx,2026-06-23,TPExIndex,440.81,-12.69,1569887000.0,317644650000.0,1594636.0
TPEx,2026-06-24,TPExIndex,442.09,1.28,1178481000.0,241262474000.0,1223972.0
TPEx,2026-06-25,TPExIndex,439.84,-2.25,1272169000.0,240840506000.0,1210544.0
TPEx,2026-06-26,TPExIndex,415.26,-24.58,1449964000.0,261836096000.0,1533628.0
TPEx,2026-06-29,TPExIndex,412.93,-2.33,1016640000.0,175921510000.0,1024374.0
TPEx,2026-06-30,TPExIndex,426.97,14.04,1041792000.0,188541540000.0,951169.0
TPEx,2026-07-01,TPExIndex,431.23,4.26,1369067164.0,248218713640.0,1273652.0
TPEx,2026-07-02,TPExIndex,439.51,8.28,1340448042.0,242505188171.0,1280213.0
TPEx,2026-07-03,TPExIndex,445.38,5.87,1497271218.0,264742267840.0,1300261.0
TPEx,2026-07-06,TPExIndex,439.8,-5.58,1520530712.0,305181097307.0,1457377.0
TPEx,2026-07-07,TPExIndex,419.47,-20.33,1396579451.0,276471816315.0,1550965.0
TPEx,2026-07-08,TPExIndex,421.39,1.92,1137245794.0,222044766015.0,1127622.0
TPEx,2026-07-09,TPExIndex,424.99,3.6,1110894055.0,236279701149.0,1083491.0
TPEx,2026-07-13,TPExIndex,419.9,-5.09,1169597929.0,212848617560.0,1113794.0
TPEx,2026-07-14,TPExIndex,407.41,-12.49,1399929694.0,289947485619.0,1436350.0
TPEx,2026-07-15,TPExIndex,416.41,9.0,963384551.0,204334718375.0,928076.0
TPEx,2026-07-16,TPExIndex,407.01,-9.4,1000244976.0,205330110994.0,990817.0
TPEx,2026-07-17,TPExIndex,378.44,-28.57,1025006395.0,202743181638.0,1144544.0
TPEx,2026-07-20,TPExIndex,368.53,-9.91,955003142.0,186286529640.0,887526.0
TPEx,2026-07-21,TPExIndex,381.96,13.43,815727592.0,159392322129.0,773732.0
TPEx,2026-07-22,TPExIndex,395.18,13.22,943757981.0,186054774113.0,851004.0
TPEx,2026-07-23,TPExIndex,392.11,-3.07,867146126.0,184903303924.0,852021.0
TPEx,2026-07-24,TPExIndex,377.63,-14.48,721155986.0,185753772139.0,788476.0
TPEx,2026-07-27,TPExIndex,378.09,0.46,754131511.0,163653719183.0,696907.0
TPEx,2026-07-28,TPExIndex,352.42,-25.67,803872762.0,161776634006.0,910185.0
TPEx,2026-07-29,TPExIndex,334.24,-18.18,1069154879.0,186785940150.0,1075893.0
TPEx,2026-07-30,TPExIndex,326.23,-8.01,897448701.0,174150558495.0,881770.0
TPEx,2026-07-31,TPExIndex,347.85,21.62,732453267.0,130024198624.0,620279.0
TPEx,2026-08-03,TPExIndex,362.89,15.04,682447106,132226012483,654724
TPEx,2026-08-04,TPExIndex,375.03,12.14,783768410,159489264264,752912
TPEx,2026-08-05,TPExIndex,383.75,8.72,882981883,182591030981,889250
TPEx,2026-08-06,TPExIndex,391.37,7.62,842892004,224818070539,875358
TPEx,2026-08-07,TPExIndex,384.19,-7.18,818224403,206043637049,924146
TPEx,2026-08-10,TPExIndex,391.61,7.42,871511726,188766082227,920975
TPEx,2026-08-11,TPExIndex,391.68,0.07,853989399,183880347003,915282
TPEx,2026-08-12,TPExIndex,402.02,10.34,940558517,200917879950,1025870
TPEx,2026-08-13,TPExIndex,406.12,4.10,1042906522,248782296042,1134959
TPEx,2026-08-14,TPExIndex,400.95,-5.17,992500788,237372937110,1234054
TPEx,2026-08-17,TPExIndex,398.32,-2.63,745810912,173191189442,910429
TPEx,2026-08-18,TPExIndex,390.83,-7.49,1026031222,237768204016,1176424
TPEx,2026-08-19,TPExIndex,384.79,-6.04,790217029,179226416352,962148
TPEx,2026-08-20,TPExIndex,389.96,5.17,863156355,183188158784,908031
TPEx,2026-08-21,TPExIndex,387.27,-2.69,856939838,197673237762,943833
TPEx,2026-08-24,TPExIndex,386.10,-1.17,802938719,186358091327,918273
TPEx,2026-08-25,TPExIndex,389.41,3.31,701017083,168782272071,809034
TPEx,2026-08-26,TPExIndex,395.66,6.25,930889349,237979115843,1025737
TPEx,2026-08-27,TPExIndex,400.38,4.72,1036268637,280346804597,1144794
TPEx,2026-08-28,TPExIndex,402.83,2.45,1258761282,291031167008,1302585
TPEx,2026-08-31,TPExIndex,401.70,-1.13,972598146,321192715310,1138307
TPEx,2026-09-01,TPExIndex,410.77,9.07,902905474,252387964702,1095837
TPEx,2026-09-02,TPExIndex,406.96,-3.81,820814304,221773156843,1052783
TPEx,2026-09-03,TPExIndex,395.25,-11.71,984355552,241225808595,1205370
TPEx,2026-09-04,TPExIndex,402.48,7.23,769958855,195529166176,882384
TPEx,2026-09-07,TPExIndex,409.33,6.85,795410582,203603900770,964405
TPEx,2026-09-08,TPExIndex,407.19,-2.14,871496084,214858284662,1019221
TPEx,2026-09-09,TPExIndex,408.09,0.90,832664141,216771977397,926244
TPEx,2026-09-10,TPExIndex,405.24,-2.85,804217133,173278012172,974192
TPEx,2026-09-11,TPExIndex,395.52,-9.72,826150268,185181338982,1055110
TPEx,2026-09-14,TPExIndex,394.67,-0.85,710545967,167847114406,827112
TPEx,2026-09-15,TPExIndex,388.73,-5.94,737030104,175404583797,902311
TPEx,2026-09-16,TPExIndex,399.21,10.48,777380366,183676771560,812128
TWSE,2025-01-02,TAIEX,22832.06,-203.04,6901476303.0,379129283886.0,2742811.0
TWSE,2025-01-03,TAIEX,22908.3,76.24,6197928734.0,337042271244.0,2339640.0
TWSE,2025-01-06,TAIEX,23547.71,639.41,7153019323.0,423854591358.0,2639684.0
TWSE,2025-01-07,TAIEX,23651.27,103.56,7417093353.0,439064706443.0,2744930.0
TWSE,2025-01-08,TAIEX,23407.33,-243.94,6069785523.0,371279269125.0,2344230.0
TWSE,2025-01-09,TAIEX,23081.13,-326.2,6729365148.0,393066234237.0,3063642.0
TWSE,2025-01-10,TAIEX,23011.86,-69.27,6018777446.0,342751185595.0,2521832.0
TWSE,2025-01-13,TAIEX,22488.33,-523.53,7967679227.0,461468820203.0,3554335.0
TWSE,2025-01-14,TAIEX,22797.52,309.19,5077382309.0,281221487413.0,1935288.0
TWSE,2025-01-15,TAIEX,22514.57,-282.95,5200875025.0,301546910953.0,2279582.0
TWSE,2025-01-16,TAIEX,23025.1,510.53,5748443851.0,342212868225.0,2045603.0
TWSE,2025-01-17,TAIEX,23148.08,122.98,5442058343.0,328202713193.0,2082292.0
TWSE,2025-01-20,TAIEX,23266.82,118.74,5022728587.0,279923971725.0,1896537.0
TWSE,2025-01-21,TAIEX,23300.01,33.19,4315813970.0,262317819587.0,1731831.0
TWSE,2025-01-22,TAIEX,23525.41,225.4,5160999257.0,357689238684.0,2141691.0
TWSE,2025-02-03,TAIEX,22694.71,-830.7,7689151963.0,525040931202.0,3784130.0
TWSE,2025-02-04,TAIEX,22793.96,99.25,6940459300.0,422445543425.0,2749080.0
TWSE,2025-02-05,TAIEX,23161.58,367.62,5984578780.0,358769679873.0,2173595.0
TWSE,2025-02-06,TAIEX,23316.6,155.02,5581052121.0,341201513147.0,2181411.0
TWSE,2025-02-07,TAIEX,23478.27,161.67,5980328909.0,362285982102.0,2442689.0
TWSE,2025-02-10,TAIEX,23252.14,-226.13,5799480347.0,334793847718.0,2495541.0
TWSE,2025-02-11,TAIEX,23384.05,131.91,5923166370.0,355049928998.0,2439257.0
TWSE,2025-02-12,TAIEX,23289.75,-94.3,6224128986.0,378582968874.0,2639975.0
TWSE,2025-02-13,TAIEX,23399.41,109.66,7333190894.0,386860774177.0,2805143.0
TWSE,2025-02-14,TAIEX,23152.61,-246.8,7543572464.0,415069809659.0,3054615.0
TWSE,2025-02-17,TAIEX,23505.33,352.72,7348992216.0,371896633006.0,2781492.0
TWSE,2025-02-18,TAIEX,23666.11,160.78,6663218845.0,339491493248.0,2533014.0
TWSE,2025-02-19,TAIEX,23604.08,-62.03,7287234134.0,389633272203.0,2776971.0
TWSE,2025-02-20,TAIEX,23487.46,-116.62,7049129458.0,391059983367.0,2854842.0
TWSE,2025-02-21,TAIEX,23730.25,242.79,7160637295.0,400289543940.0,2741581.0
TWSE,2025-02-24,TAIEX,23565.31,-164.94,7075015428.0,373514736958.0,2759549.0
TWSE,2025-02-25,TAIEX,23285.72,-279.59,7531906148.0,412097170896.0,3200436.0
TWSE,2025-02-26,TAIEX,23402.55,116.83,6886556787.0,383306082091.0,2714087.0
TWSE,2025-02-27,TAIEX,23053.18,-349.37,8994191747.0,549961479162.0,3355502.0
TWSE,2025-03-03,TAIEX,22756.25,-296.93,7315722624.0,439596984655.0,3400672.0
TWSE,2025-03-04,TAIEX,22596.88,-159.37,7667305249.0,415745130742.0,3010150.0
TWSE,2025-03-05,TAIEX,22871.9,275.02,7220068963.0,369732472552.0,2566559.0
TWSE,2025-03-06,TAIEX,22715.43,-156.47,6624545535.0,360345720860.0,2599425.0
TWSE,2025-03-07,TAIEX,22576.07,-139.36,6465829764.0,367291980202.0,2794223.0
TWSE,2025-03-10,TAIEX,22459.15,-116.92,6345999382.0,354962067264.0,2749118.0
TWSE,2025-03-11,TAIEX,22071.09,-388.06,8053156074.0,428932802487.0,3640036.0
TWSE,2025-03-12,TAIEX,22278.36,207.27,6682514475.0,350646223635.0,2671898.0
TWSE,2025-03-13,TAIEX,21961.68,-316.68,7430996227.0,378659811240.0,3147106.0
TWSE,2025-03-14,TAIEX,21968.05,6.37,7243124747.0,348283533120.0,2762437.0
TWSE,2025-03-17,TAIEX,22118.63,150.58,6360352806.0,310401135708.0,2424464.0
TWSE,2025-03-18,TAIEX,22271.67,153.04,5824074264.0,282886860039.0,2202345.0
TWSE,2025-03-19,TAIEX,21960.83,-310.84,6087757032.0,316992611689.0,2778197.0
TWSE,2025-03-20,TAIEX,22377.26,416.43,5714382919.0,278247603930.0,2102897.0
TWSE,2025-03-21,TAIEX,22209.1,-168.16,6429617622.0,333354118714.0,2283544.0
TWSE,2025-03-24,TAIEX,22106.64,-102.46,5021528942.0,251044538014.0,2267042.0
TWSE,2025-03-25,TAIEX,22273.19,166.55,4993587020.0,256973561881.0,2165309.0
TWSE,2025-03-26,TAIEX,22260.29,-12.9,4406501724.0,223198487361.0,1865861.0
TWSE,2025-03-27,TAIEX,21951.76,-308.53,5608186918.0,279802802176.0,2531337.0
TWSE,2025-03-28,TAIEX,21602.89,-348.87,6814236162.0,327112874385.0,3205514.0
TWSE,2025-03-31,TAIEX,20695.9,-906.99,8683910354.0,437475392711.0,4171787.0
TWSE,2025-04-01,TAIEX,21280.17,584.27,5826078127.0,278254400622.0,2123628.0
TWSE,2025-04-02,TAIEX,21298.22,18.05,4985282024.0,240146859369.0,1830718.0
TWSE,2025-04-07,TAIEX,19232.35,-2065.87,5683302502.0,166095041450.0,2477014.0
TWSE,2025-04-08,TAIEX,18459.95,-772.4,12393863553.0,577950957444.0,4884176.0
TWSE,2025-04-09,TAIEX,17391.76,-1068.19,12614257140.0,590040522967.0,5520314.0
TWSE,2025-04-10,TAIEX,19000.03,1608.27,5329120133.0,208504485334.0,1540372.0
TWSE,2025-04-11,TAIEX,19528.77,528.74,9129660662.0,527108374659.0,3900338.0
TWSE,2025-04-14,TAIEX,19513.09,-15.68,7665646173.0,474947203845.0,3408942.0
TWSE,2025-04-15,TAIEX,19857.67,344.58,5242983763.0,305561723714.0,2458147.0
TWSE,2025-04-16,TAIEX,19468.0,-389.67,5216346236.0,296550497546.0,2820807.0
TWSE,2025-04-17,TAIEX,19338.73,-129.27,4599431706.0,257584164735.0,2136607.0
TWSE,2025-04-18,TAIEX,19395.03,56.3,3792878040.0,201639077744.0,1654025.0
TWSE,2025-04-21,TAIEX,19106.2,-288.83,4486948824.0,213646250942.0,2116970.0
TWSE,2025-04-22,TAIEX,18793.43,-312.77,4881720763.0,250003984052.0,2241678.0
TWSE,2025-04-23,TAIEX,19639.14,845.71,5314940502.0,275548700667.0,2018651.0
TWSE,2025-04-24,TAIEX,19478.81,-160.33,4358134847.0,248994902573.0,1960251.0
TWSE,2025-04-25,TAIEX,19872.73,393.92,4961167477.0,298510240543.0,2089173.0
TWSE,2025-04-28,TAIEX,20034.41,161.68,3948682101.0,222995069262.0,1713127.0
TWSE,2025-04-29,TAIEX,20232.63,198.22,4654115665.0,250105465896.0,1902200.0
TWSE,2025-04-30,TAIEX,20235.03,2.4,5103616376.0,282189467291.0,2171666.0
TWSE,2025-05-02,TAIEX,20787.64,552.61,5955569594.0,339534825350.0,2291137.0
TWSE,2025-05-05,TAIEX,20532.99,-254.65,7760468724.0,396674099865.0,3025910.0
TWSE,2025-05-06,TAIEX,20522.59,-10.4,5768063988.0,314921423075.0,2166132.0
TWSE,2025-05-07,TAIEX,20546.49,23.9,5075266647.0,276452299522.0,1955033.0
TWSE,2025-05-08,TAIEX,20543.4,-3.09,4516660206.0,255842394901.0,1728792.0
TWSE,2025-05-09,TAIEX,20915.04,371.64,5297103516.0,303145142635.0,2049942.0
TWSE,2025-05-12,TAIEX,21129.54,214.5,5246162892.0,286880121757.0,2121320.0
TWSE,2025-05-13,TAIEX,21330.14,200.6,6807098682.0,414876050071.0,2635403.0
TWSE,2025-05-14,TAIEX,21782.87,452.73,6994105576.0,435325777480.0,2864775.0
TWSE,2025-05-15,TAIEX,21730.25,-52.62,6398847326.0,352701130386.0,2600363.0
TWSE,2025-05-16,TAIEX,21843.69,113.44,6558510923.0,349825446057.0,2649276.0
TWSE,2025-05-19,TAIEX,21523.83,-319.86,6118958991.0,336411887107.0,2719210.0
TWSE,2025-05-20,TAIEX,21526.03,2.2,5030140371.0,281060270227.0,2075396.0
TWSE,2025-05-21,TAIEX,21803.91,277.88,5594779740.0,304825349622.0,2162177.0
TWSE,2025-05-22,TAIEX,21670.96,-132.95,5976457767.0,303639249474.0,2324620.0
TWSE,2025-05-23,TAIEX,21652.24,-18.72,5316070068.0,313775509301.0,2226382.0
TWSE,2025-05-26,TAIEX,21536.57,-115.67,5330804601.0,303248571571.0,2246842.0
TWSE,2025-05-27,TAIEX,21336.54,-200.03,5893760181.0,319554934321.0,2430710.0
TWSE,2025-05-28,TAIEX,21357.72,21.18,5670506053.0,332260752364.0,2236035.0
TWSE,2025-05-29,TAIEX,21347.3,-10.42,7561868814.0,480476847321.0,2329551.0
TWSE,2025-06-02,TAIEX,21002.71,-344.59,6799184355.0,357964491699.0,2934061.0
TWSE,2025-06-03,TAIEX,21126.93,124.22,6212282158.0,356029228852.0,2284098.0
TWSE,2025-06-04,TAIEX,21618.09,491.16,6939766989.0,416698575220.0,2618976.0
TWSE,2025-06-05,TAIEX,21674.43,56.34,6479408591.0,370407613418.0,2503470.0
TWSE,2025-06-06,TAIEX,21660.66,-13.77,5283685603.0,306326887550.0,2093692.0
TWSE,2025-06-09,TAIEX,21790.29,129.63,5424065394.0,307755303958.0,2073874.0
TWSE,2025-06-10,TAIEX,22242.14,451.85,6797923817.0,402770551130.0,2637127.0
TWSE,2025-06-11,TAIEX,22470.1,227.96,6677404614.0,411974082607.0,2544038.0
TWSE,2025-06-12,TAIEX,22287.82,-182.28,5845048888.0,350086370163.0,2174517.0
TWSE,2025-06-13,TAIEX,22072.95,-214.87,6908522212.0,374682954150.0,2556297.0
TWSE,2025-06-16,TAIEX,22049.9,-23.05,5524506597.0,298283417109.0,1977348.0
TWSE,2025-06-17,TAIEX,22211.59,161.69,6125208525.0,374245537952.0,2318537.0
TWSE,2025-06-18,TAIEX,22356.73,145.14,6399812298.0,394797009579.0,2572872.0
TWSE,2025-06-19,TAIEX,22003.5,-353.23,5689009009.0,337907299094.0,2549579.0
TWSE,2025-06-20,TAIEX,22045.74,42.24,6862237230.0,463891770965.0,2427976.0
TWSE,2025-06-23,TAIEX,21732.02,-313.72,5617706428.0,314404805401.0,2230655.0
TWSE,2025-06-24,TAIEX,22188.76,456.74,7011455635.0,401630916668.0,2352155.0
TWSE,2025-06-25,TAIEX,22430.61,241.85,6335015793.0,401074986062.0,2303648.0
TWSE,2025-06-26,TAIEX,22492.34,61.73,6410607751.0,399984776279.0,2320884.0
TWSE,2025-06-27,TAIEX,22580.08,87.74,6064087692.0,374841846059.0,2202173.0
TWSE,2025-06-30,TAIEX,22256.02,-324.06,5791190538.0,365764595737.0,2137192.0
TWSE,2025-07-01,TAIEX,22553.72,297.7,6415082209.0,421991169974.0,2419634.0
TWSE,2025-07-02,TAIEX,22577.74,24.02,5101662453.0,304435099272.0,1886936.0
TWSE,2025-07-03,TAIEX,22712.97,135.23,6029111627.0,383825214993.0,2297217.0
TWSE,2025-07-04,TAIEX,22547.5,-165.47,5632671624.0,331133814557.0,2299611.0
TWSE,2025-07-07,TAIEX,22428.72,-118.78,4962856527.0,269071472316.0,1893701.0
TWSE,2025-07-08,TAIEX,22362.27,-66.45,5407011400.0,282705631857.0,1893276.0
TWSE,2025-07-09,TAIEX,22527.01,164.74,5646619850.0,322528415208.0,1950287.0
TWSE,2025-07-10,TAIEX,22693.25,166.24,5553213493.0,327393549950.0,2052227.0
TWSE,2025-07-11,TAIEX,22751.03,57.78,7092180625.0,337982404672.0,2082425.0
TWSE,2025-07-14,TAIEX,22614.97,-136.06,4853105700.0,281512623505.0,1961983.0
TWSE,2025-07-15,TAIEX,22835.94,220.97,5429807871.0,319870598000.0,2057874.0
TWSE,2025-07-16,TAIEX,23042.9,206.96,6375009305.0,391295025263.0,2411559.0
TWSE,2025-07-17,TAIEX,23113.28,70.38,5826064387.0,343559779087.0,2169033.0
TWSE,2025-07-18,TAIEX,23383.13,269.85,6130525974.0,381297826285.0,2310585.0
TWSE,2025-07-21,TAIEX,23340.56,-42.57,5279612934.0,316345580296.0,2190361.0
TWSE,2025-07-22,TAIEX,22987.92,-352.64,6889507061.0,449009636028.0,3001519.0
TWSE,2025-07-23,TAIEX,23318.67,330.75,6238239859.0,360908872117.0,2365878.0
TWSE,2025-07-24,TAIEX,23373.73,55.06,6322628546.0,348331144582.0,2411078.0
TWSE,2025-07-25,TAIEX,23364.38,-9.35,5964609783.0,302559239716.0,2167929.0
TWSE,2025-07-28,TAIEX,23412.98,48.6,5994460798.0,323398574763.0,2298780.0
TWSE,2025-07-29,TAIEX,23201.52,-211.46,6685041420.0,390574563588.0,2733427.0
TWSE,2025-07-30,TAIEX,23461.72,260.2,6095108673.0,336226659269.0,2365399.0
TWSE,2025-07-31,TAIEX,23542.52,80.8,7079439551.0,412096428336.0,2784711.0
TWSE,2025-08-01,TAIEX,23434.38,-108.14,6950284768.0,404788588802.0,2763182.0
TWSE,2025-08-04,TAIEX,23378.94,-55.44,6547254437.0,339596557905.0,2625345.0
TWSE,2025-08-05,TAIEX,23660.59,281.65,6610002920.0,380074357026.0,2692247.0
TWSE,2025-08-06,TAIEX,23447.36,-213.23,6009196963.0,361183155977.0,2656062.0
TWSE,2025-08-07,TAIEX,24003.77,556.41,7106666762.0,467380441728.0,3040546.0
TWSE,2025-08-08,TAIEX,24021.26,17.49,7010275195.0,432109965420.0,2993172.0
TWSE,2025-08-11,TAIEX,24135.5,114.24,7230198655.0,437210225957.0,3128381.0
TWSE,2025-08-12,TAIEX,24158.36,22.86,7513604403.0,430747663190.0,3084639.0
TWSE,2025-08-13,TAIEX,24370.02,211.66,8864976375.0,573873489672.0,3774478.0
TWSE,2025-08-14,TAIEX,24238.1,-131.92,7941972349.0,486603622585.0,3315382.0
TWSE,2025-08-15,TAIEX,24334.48,96.38,7913302231.0,454217776031.0,3456133.0
TWSE,2025-08-18,TAIEX,24482.52,148.04,8459665044.0,457868280041.0,3623467.0
TWSE,2025-08-19,TAIEX,24353.5,-129.02,8279842992.0,477889208524.0,3599780.0
TWSE,2025-08-20,TAIEX,23625.44,-728.06,8611743600.0,572237896405.0,4440609.0
TWSE,2025-08-21,TAIEX,23962.13,336.69,6990398614.0,420673855060.0,2970148.0
TWSE,2025-08-22,TAIEX,23764.47,-197.66,6571719689.0,369732364563.0,2924150.0
TWSE,2025-08-25,TAIEX,24277.38,512.91,7201907890.0,431825644540.0,3018636.0
TWSE,2025-08-26,TAIEX,24305.1,27.72,8259451660.0,532063118603.0,3221950.0
TWSE,2025-08-27,TAIEX,24519.9,214.8,7675360712.0,467302614203.0,3273312.0
TWSE,2025-08-28,TAIEX,24236.45,-283.45,7619400963.0,449197099212.0,3361480.0
TWSE,2025-08-29,TAIEX,24233.1,-3.35,7716714041.0,478348167874.0,3386334.0
TWSE,2025-09-01,TAIEX,24071.73,-161.37,7882519521.0,522538354934.0,3994537.0
TWSE,2025-09-02,TAIEX,24016.78,-54.95,6868073676.0,420249878093.0,3133277.0
TWSE,2025-09-03,TAIEX,24100.3,83.52,6215237843.0,375154827165.0,2825606.0
TWSE,2025-09-04,TAIEX,24179.85,79.55,7455297262.0,450547881333.0,3277050.0
TWSE,2025-09-05,TAIEX,24494.58,314.73,6973379276.0,426569974111.0,3089868.0
TWSE,2025-09-08,TAIEX,24547.38,52.8,7768998687.0,443185374596.0,3241448.0
TWSE,2025-09-09,TAIEX,24855.18,307.8,8091742979.0,512534389842.0,3429591.0
TWSE,2025-09-10,TAIEX,25192.59,337.41,8693632992.0,540470187649.0,3674708.0
TWSE,2025-09-11,TAIEX,25215.71,23.12,9553641157.0,609494103234.0,4224556.0
TWSE,2025-09-12,TAIEX,25474.64,258.93,7830621434.0,495051339127.0,3399552.0
TWSE,2025-09-15,TAIEX,25357.16,-117.48,6958333955.0,407891369036.0,3179132.0
TWSE,2025-09-16,TAIEX,25629.64,272.48,7560459055.0,455107630117.0,3183247.0
TWSE,2025-09-17,TAIEX,25438.25,-191.39,7849906030.0,439687060953.0,3344507.0
TWSE,2025-09-18,TAIEX,25769.36,331.11,8339290249.0,467374300986.0,3371322.0
TWSE,2025-09-19,TAIEX,25578.37,-190.99,9787714693.0,619694769912.0,3620290.0
TWSE,2025-09-22,TAIEX,25880.6,302.23,7847993700.0,482061403631.0,3364352.0
TWSE,2025-09-23,TAIEX,26247.37,366.77,8950246446.0,547004847440.0,3683215.0
TWSE,2025-09-24,TAIEX,26196.73,-50.64,7897848080.0,515187636594.0,3460483.0
TWSE,2025-09-25,TAIEX,26023.85,-172.88,8846470892.0,503204151623.0,3716116.0
TWSE,2025-09-26,TAIEX,25580.32,-443.53,8334201118.0,500052396638.0,4019744.0
TWSE,2025-09-30,TAIEX,25820.54,240.22,6699602406.0,455296213373.0,2736444.0
TWSE,2025-10-01,TAIEX,25982.91,162.37,7679791251.0,468840061902.0,3129297.0
TWSE,2025-10-02,TAIEX,26378.39,395.48,8085314896.0,506683446386.0,3240734.0
TWSE,2025-10-03,TAIEX,26761.06,382.67,7784825692.0,480095576070.0,3218063.0
TWSE,2025-10-07,TAIEX,27211.95,450.89,9348656371.0,575780610445.0,3811647.0
TWSE,2025-10-08,TAIEX,27063.68,-148.27,8261189883.0,471275287964.0,3551145.0
TWSE,2025-10-09,TAIEX,27301.92,238.24,9444331803.0,582670484489.0,3900659.0
TWSE,2025-10-13,TAIEX,26923.42,-378.5,10191083804.0,608460235868.0,4675496.0
TWSE,2025-10-14,TAIEX,26793.15,-130.27,12066540173.0,709086353790.0,5032547.0
TWSE,2025-10-15,TAIEX,27275.71,482.56,8387861014.0,521429411299.0,3394353.0
TWSE,2025-10-16,TAIEX,27647.87,372.16,9035460141.0,565481652363.0,3459021.0
TWSE,2025-10-17,TAIEX,27302.37,-345.5,8962849575.0,556452817043.0,3811384.0
TWSE,2025-10-20,TAIEX,27688.63,386.26,8045886081.0,498961206376.0,3374485.0
TWSE,2025-10-21,TAIEX,27752.41,63.78,8507303277.0,528880140832.0,3656829.0
TWSE,2025-10-22,TAIEX,27648.91,-103.5,7835590935.0,463157561102.0,3409615.0
TWSE,2025-10-23,TAIEX,27532.26,-116.65,7318554768.0,434561455546.0,3223519.0
TWSE,2025-10-27,TAIEX,27993.63,461.37,9337097751.0,564293629882.0,3731394.0
TWSE,2025-10-28,TAIEX,27949.11,-44.52,8579810711.0,555663566461.0,3915558.0
TWSE,2025-10-29,TAIEX,28294.74,345.63,9076231278.0,594219629472.0,3840769.0
TWSE,2025-10-30,TAIEX,28287.53,-7.21,9446378341.0,633558030252.0,4261236.0
TWSE,2025-10-31,TAIEX,28233.35,-54.18,8339995492.0,576144513446.0,3685497.0
TWSE,2025-11-03,TAIEX,28334.59,101.24,8299689369.0,581496914983.0,3801445.0
TWSE,2025-11-04,TAIEX,28116.56,-218.03,8404740088.0,604283395876.0,3961004.0
TWSE,2025-11-05,TAIEX,27717.06,-399.5,8989778518.0,619346788683.0,4143624.0
TWSE,2025-11-06,TAIEX,27899.45,182.39,7863001986.0,514272235406.0,3191145.0
TWSE,2025-11-07,TAIEX,27651.41,-248.04,7878592276.0,486727226387.0,3660081.0
TWSE,2025-11-10,TAIEX,27869.51,218.1,7491028505.0,504213278890.0,3251620.0
TWSE,2025-11-11,TAIEX,27784.95,-84.56,8924063428.0,584494820328.0,3913468.0
TWSE,2025-11-12,TAIEX,27947.09,162.14,8954069218.0,576091990790.0,3816761.0
TWSE,2025-11-13,TAIEX,27903.56,-43.53,10545273898.0,674189961874.0,4546715.0
TWSE,2025-11-14,TAIEX,27397.5,-506.06,9939352945.0,614575227909.0,4948433.0
TWSE,2025-11-17,TAIEX,27447.31,49.81,8604107358.0,547722102923.0,3814397.0
TWSE,2025-11-18,TAIEX,26756.12,-691.19,10450443082.0,672757035089.0,5492551.0
TWSE,2025-11-19,TAIEX,26580.12,-176.0,8069342681.0,516180089038.0,3919396.0
TWSE,2025-11-20,TAIEX,27426.36,846.24,8497528679.0,592368253864.0,3468629.0
TWSE,2025-11-21,TAIEX,26434.94,-991.42,8853582470.0,581860848616.0,4474744.0
TWSE,2025-11-24,TAIEX,26504.24,69.3,9236525911.0,749163116671.0,2934302.0
TWSE,2025-11-25,TAIEX,26912.17,407.93,6714625759.0,490750703418.0,2858521.0
TWSE,2025-11-26,TAIEX,27409.54,497.37,7902773415.0,523531629362.0,3189083.0
TWSE,2025-11-27,TAIEX,27554.53,144.99,7539156843.0,506517208172.0,2947049.0
TWSE,2025-11-28,TAIEX,27626.48,71.95,7671742311.0,489885964092.0,2985445.0
TWSE,2025-12-01,TAIEX,27342.53,-283.95,7418235597.0,493440574126.0,3283316.0
TWSE,2025-12-02,TAIEX,27564.27,221.74,7321099919.0,486538825279.0,3003839.0
TWSE,2025-12-03,TAIEX,27793.04,228.77,6838633055.0,457284590648.0,2825733.0
TWSE,2025-12-04,TAIEX,27795.71,2.67,6475222009.0,397985953488.0,2684178.0
TWSE,2025-12-05,TAIEX,27980.89,185.18,6781520261.0,457238821346.0,2968196.0
TWSE,2025-12-08,TAIEX,28303.78,322.89,7603908443.0,438297179091.0,3111236.0
TWSE,2025-12-09,TAIEX,28182.6,-121.18,8116345692.0,524525111897.0,3654191.0
TWSE,2025-12-10,TAIEX,28400.73,218.13,8239950462.0,509141432257.0,3681759.0
TWSE,2025-12-11,TAIEX,28024.75,-375.98,8087246896.0,537128803314.0,3741874.0
TWSE,2025-12-12,TAIEX,28198.02,173.27,8508400161.0,488652979581.0,3461174.0
TWSE,2025-12-15,TAIEX,27866.94,-331.08,7855274707.0,451740486315.0,3557639.0
TWSE,2025-12-16,TAIEX,27536.66,-330.28,9586999810.0,547186167710.0,4338142.0
TWSE,2025-12-17,TAIEX,27525.17,-11.49,9020647323.0,524829243071.0,3677384.0
TWSE,2025-12-18,TAIEX,27468.53,-56.64,8450315748.0,460035955277.0,3339942.0
TWSE,2025-12-19,TAIEX,27696.35,227.82,9145168124.0,568327509178.0,2974397.0
TWSE,2025-12-22,TAIEX,28149.64,453.29,8984157012.0,504472490831.0,3141900.0
TWSE,2025-12-23,TAIEX,28310.47,160.83,7965662925.0,431994260374.0,3146495.0
TWSE,2025-12-24,TAIEX,28371.98,61.51,7899870510.0,439061668896.0,3162529.0
TWSE,2025-12-26,TAIEX,28556.02,184.04,8084220373.0,443994479984.0,3225756.0
TWSE,2025-12-29,TAIEX,28810.89,254.87,8569606301.0,469061962836.0,3414921.0
TWSE,2025-12-30,TAIEX,28707.13,-103.76,8876360103.0,469871782250.0,3499456.0
TWSE,2025-12-31,TAIEX,28963.6,256.47,9768832777.0,548425314258.0,3825873.0
TWSE,2026-01-02,TAIEX,29349.81,386.21,10724729528.0,669781989470.0,4355720.0
TWSE,2026-01-05,TAIEX,30105.04,755.23,12257092861.0,800793653955.0,4932097.0
TWSE,2026-01-06,TAIEX,30576.3,471.26,12040596292.0,763236739665.0,4665223.0
TWSE,2026-01-07,TAIEX,30643.61,67.31,10645023587.0,682500221935.0,4292259.0
TWSE,2026-01-08,TAIEX,30587.98,-55.63,10064700168.0,637868471165.0,3986984.0
TWSE,2026-01-09,TAIEX,30450.5,-137.48,9887670716.0,649066387660.0,4053264.0
TWSE,2026-01-12,TAIEX,30879.29,428.79,10457112396.0,672530072310.0,4225753.0
TWSE,2026-01-13,TAIEX,30801.63,-77.66,10726101527.0,706373866275.0,4463373.0
TWSE,2026-01-14,TAIEX,31228.42,426.79,11533074837.0,715913302880.0,4470025.0
TWSE,2026-01-15,TAIEX,31439.94,211.52,11064312213.0,682264887000.0,4291396.0
TWSE,2026-01-16,TAIEX,31766.68,326.74,11901369920.0,721780554065.0,4416198.0
TWSE,2026-01-19,TAIEX,32014.87,248.19,10998436869.0,676816897230.0,4179322.0
TWSE,2026-01-20,TAIEX,32418.98,404.11,12296554869.0,780517070485.0,4649716.0
TWSE,2026-01-21,TAIEX,31875.79,-543.19,13876236923.0,893994861155.0,5453283.0
TWSE,2026-01-22,TAIEX,32306.16,430.37,12143284637.0,779074038725.0,4767187.0
TWSE,2026-01-23,TAIEX,32521.99,215.83,10613009826.0,691871557685.0,4239280.0
TWSE,2026-01-26,TAIEX,32912.87,390.88,9958057680.0,657135963985.0,4033118.0
TWSE,2026-01-27,TAIEX,33221.71,308.84,10774850200.0,714878339900.0,4325701.0
TWSE,2026-01-28,TAIEX,33580.13,358.42,11762864966.0,796645012140.0,4680193.0
TWSE,2026-01-29,TAIEX,33143.85,-436.28,12403963857.0,864254935630.0,5140898.0
TWSE,2026-01-30,TAIEX,32695.03,-448.82,10345871421.0,721068875510.0,4353412.0
TWSE,2026-02-02,TAIEX,31982.61,-712.42,9345601349.0,624392460255.0,3947219.0
TWSE,2026-02-03,TAIEX,32550.06,567.45,9698238195.0,700826403395.0,4029706.0
TWSE,2026-02-04,TAIEX,32941.32,391.26,8412072083.0,614302307620.0,3593422.0
TWSE,2026-02-05,TAIEX,32354.4,-586.92,10166246756.0,673917752915.0,4302129.0
TWSE,2026-02-06,TAIEX,31687.03,-667.37,9297474994.0,656177720915.0,4028427.0
TWSE,2026-02-09,TAIEX,32365.16,678.13,8477104287.0,617988186760.0,3660038.0
TWSE,2026-02-10,TAIEX,32287.71,-77.45,8221850601.0,613339396905.0,3564639.0
TWSE,2026-02-11,TAIEX,32551.16,263.45,7466879887.0,507395107150.0,3195512.0
TWSE,2026-02-23,TAIEX,33397.65,846.49,9500973524.0,660701822915.0,3746899.0
TWSE,2026-02-24,TAIEX,34196.15,798.5,10469271965.0,731423699110.0,4229394.0
TWSE,2026-02-25,TAIEX,34364.75,168.6,11700931730.0,844617167335.0,4746942.0
TWSE,2026-02-26,TAIEX,34741.15,376.4,11417716021.0,864944292280.0,4630533.0
TWSE,2026-03-02,TAIEX,34594.53,-146.62,10812112172.0,821271886820.0,4529774.0
TWSE,2026-03-03,TAIEX,33804.98,-789.55,13122899417.0,943968550505.0,5522899.0
TWSE,2026-03-04,TAIEX,32138.32,-1666.66,11029946946.0,801243424935.0,4655243.0
TWSE,2026-03-05,TAIEX,32973.85,835.53,9584038339.0,714264101185.0,3959934.0
TWSE,2026-03-06,TAIEX,33199.34,225.49,6790671012.0,510957419075.0,2814166.0
TWSE,2026-03-09,TAIEX,31421.36,-1777.98,7686656177.0,551512517460.0,3457228.0
TWSE,2026-03-10,TAIEX,32335.02,913.66,7986195169.0,606596528795.0,3130752.0
TWSE,2026-03-11,TAIEX,33902.44,1567.42,8677706716.0,652540151050.0,3402990.0
TWSE,2026-03-12,TAIEX,33920.36,17.92,9450481179.0,691958319435.0,3729603.0
TWSE,2026-03-13,TAIEX,34018.14,97.78,8842025984.0,616005192215.0,3438920.0
TWSE,2026-03-16,TAIEX,34435.7,417.56,8834297670.0,644935524545.0,3401601.0
TWSE,2026-03-17,TAIEX,34887.06,451.36,11229923994.0,752461384345.0,4237268.0
TWSE,2026-03-18,TAIEX,35787.99,900.93,12386302029.0,745598313665.0,4364596.0
TWSE,2026-03-19,TAIEX,35844.5,56.51,12097696191.0,846175930665.0,4620656.0
TWSE,2026-03-20,TAIEX,35672.9,-171.6,12878236632.0,1049893970725.0,4949013.0
TWSE,2026-03-23,TAIEX,34397.44,-1275.46,10484099072.0,762988012680.0,5127101.0
TWSE,2026-03-24,TAIEX,33984.29,-413.15,11421645603.0,879030233820.0,5031986.0
TWSE,2026-03-25,TAIEX,35234.06,1249.77,8927349899.0,673313021640.0,3789101.0
TWSE,2026-03-26,TAIEX,35044.15,-189.91,11557596864.0,993930438720.0,5285557.0
TWSE,2026-03-27,TAIEX,35275.06,230.91,8595107174.0,743746233230.0,3900617.0
TWSE,2026-03-30,TAIEX,34795.32,-479.74,8757745271.0,738012734740.0,4008972.0
TWSE,2026-03-31,TAIEX,33463.71,-1331.61,10182645700.0,864730112620.0,4622311.0
TWSE,2026-04-01,TAIEX,34957.42,1493.71,7566198102.0,632658560215.0,3298958.0
TWSE,2026-04-02,TAIEX,34565.29,-392.13,8341654186.0,777199453655.0,3697933.0
TWSE,2026-04-07,TAIEX,35439.65,874.36,8087973278.0,720953267145.0,3702038.0
TWSE,2026-04-08,TAIEX,37217.7,1778.05,9782414461.0,908875312280.0,4306724.0
TWSE,2026-04-09,TAIEX,37310.63,92.93,13136925970.0,1080682746820.0,5626870.0
TWSE,2026-04-10,TAIEX,38177.99,867.36,13126744862.0,1117481101195.0,5629636.0
TWSE,2026-04-13,TAIEX,38430.6,252.61,12854774957.0,1017725645570.0,5563793.0
TWSE,2026-04-14,TAIEX,38885.14,454.54,13716967135.0,1153670001320.0,6008199.0
TWSE,2026-04-15,TAIEX,39307.15,422.01,13961576700.0,1201852072325.0,6094793.0
TWSE,2026-04-16,TAIEX,39962.87,655.72,14079862050.0,1289976424480.0,6360899.0
TWSE,2026-04-17,TAIEX,40624.4,661.53,14509720715.0,1140272040575.0,6141660.0
TWSE,2026-04-20,TAIEX,41865.7,1241.3,16716296550.0,1318175629730.0,7145654.0
TWSE,2026-04-21,TAIEX,42627.13,761.43,15582070810.0,1450847335935.0,7060853.0
TWSE,2026-04-22,TAIEX,43069.05,441.92,15546904455.0,1335921524660.0,7043524.0
TWSE,2026-04-23,TAIEX,41599.79,-1469.26,19418862835.0,1796696776435.0,9299349.0
TWSE,2026-04-24,TAIEX,41623.87,24.08,13722636895.0,1409820862985.0,6797108.0
TWSE,2026-04-27,TAIEX,41129.75,-494.12,11989772915.0,1199523193675.0,5906063.0
TWSE,2026-04-28,TAIEX,41686.35,556.6,11185552325.0,1150720228300.0,5378260.0
TWSE,2026-04-29,TAIEX,41766.75,80.4,10441240015.0,1015091908005.0,5008995.0
TWSE,2026-04-30,TAIEX,42095.42,328.67,12088785890.0,1175819534480.0,5680102.0
TWSE,2026-05-04,TAIEX,43426.87,1331.45,12070312235.0,1126838310745.0,5461975.0
TWSE,2026-05-05,TAIEX,44397.62,970.75,13600392200.0,1312851934790.0,6069221.0
TWSE,2026-05-06,TAIEX,44599.75,202.13,18774090955.0,1852155943570.0,8087187.0
TWSE,2026-05-07,TAIEX,45260.19,660.44,15558789065.0,1535080639095.0,6600438.0
TWSE,2026-05-08,TAIEX,44562.6,-697.59,18566373235.0,1666867022550.0,8087247.0
TWSE,2026-05-11,TAIEX,45922.13,1359.53,15645661665.0,1315413870935.0,6357254.0
TWSE,2026-05-12,TAIEX,46310.27,388.14,15025387935.0,1560216908295.0,6386287.0
TWSE,2026-05-13,TAIEX,45746.13,-564.14,12437098770.0,1223021211305.0,5825553.0
TWSE,2026-05-14,TAIEX,46431.51,685.38,14988603840.0,1324671636265.0,6337296.0
TWSE,2026-05-15,TAIEX,44816.02,-1615.49,15452958970.0,1382116958765.0,7150233.0
TWSE,2026-05-18,TAIEX,44695.99,-120.03,11701177300.0,1021260225985.0,5162699.0
TWSE,2026-05-19,TAIEX,43429.02,-1266.97,12716837630.0,1094306879470.0,5926190.0
TWSE,2026-05-20,TAIEX,43248.27,-180.75,12833373280.0,1035923108245.0,5647195.0
TWSE,2026-05-21,TAIEX,44573.53,1325.26,12939298170.0,993054460245.0,5335933.0
TWSE,2026-05-22,TAIEX,45988.09,1414.56,14253261025.0,1129692923475.0,5813836.0
TWSE,2026-05-25,TAIEX,47262.55,1274.46,15379610900.0,1295931074875.0,6538326.0
TWSE,2026-05-26,TAIEX,47795.98,533.43,15367059575.0,1290268529965.0,6244422.0
TWSE,2026-05-27,TAIEX,47882.29,86.31,18884680730.0,1695229807065.0,7972672.0
TWSE,2026-05-28,TAIEX,46989.55,-892.74,18197524095.0,1656248361695.0,7770946.0
TWSE,2026-05-29,TAIEX,48278.98,1289.43,15762826895.0,1649209195430.0,6538932.0
TWSE,2026-06-01,TAIEX,48590.61,311.63,16256610535.0,1471584251320.0,6822058.0
TWSE,2026-06-02,TAIEX,47968.86,-621.75,17303397040.0,1641381955510.0,7530696.0
TWSE,2026-06-03,TAIEX,48693.98,725.12,15266000415.0,1412247644280.0,6363259.0
TWSE,2026-06-04,TAIEX,47934.4,-759.58,14342420585.0,1207207149430.0,6299236.0
TWSE,2026-06-05,TAIEX,46961.14,-973.26,16022756595.0,1300794718070.0,6471756.0
TWSE,2026-06-08,TAIEX,44962.51,-1998.63,12283382900.0,962968716850.0,5325232.0
TWSE,2026-06-09,TAIEX,46329.65,1367.14,14031005780.0,1126841594195.0,5478562.0
TWSE,2026-06-10,TAIEX,44445.4,-1884.25,17015313585.0,1343307415715.0,7280439.0
TWSE,2026-06-11,TAIEX,44571.53,126.13,14926886475.0,1212046373260.0,6003731.0
TWSE,2026-06-12,TAIEX,45996.09,1424.56,12281539605.0,995481101985.0,5049526.0
TWSE,2026-06-15,TAIEX,47019.05,1022.96,11945866415.0,981110826990.0,4867783.0
TWSE,2026-06-16,TAIEX,45809.19,412.2,12388176269.0,1262185518120.0,5868458.0
TWSE,2026-06-17,TAIEX,45877.39,68.2,12227191968.0,1154595951473.0,5745253.0
TWSE,2026-06-18,TAIEX,46465.2,587.81,16336544104.0,1606195402305.0,6410433.0
TWSE,2026-06-22,TAIEX,47741.51,1276.31,15727229822.0,1515817959773.0,7112713.0
TWSE,2026-06-23,TAIEX,47100.65,-640.86,16666417405.0,1672355337665.0,8354331.0
TWSE,2026-06-24,TAIEX,46043.6,-1057.05,16786237802.0,1539046268153.0,8227804.0
TWSE,2026-06-25,TAIEX,46255.26,211.66,13456150105.0,1368076901597.0,6071315.0
TWSE,2026-06-26,TAIEX,44571.76,-1683.5,16709688079.0,1672832488417.0,9858892.0
TWSE,2026-06-29,TAIEX,44999.9,428.14,11210546174.0,1045439448015.0,4895013.0
TWSE,2026-06-30,TAIEX,46125.91,1126.01,13140347237.0,1266062228020.0,5227628.0
TWSE,2026-07-01,TAIEX,47018.99,893.08,14683404939.0,1367817795171.0,6457744.0
TWSE,2026-07-02,TAIEX,46744.16,-274.83,11740053658.0,1083583417368.0,5564334.0
TWSE,2026-07-03,TAIEX,46780.62,36.46,12189040098.0,1078028137102.0,5526867.0
TWSE,2026-07-06,TAIEX,46556.39,-224.23,12910602003.0,1064431906064.0,6006874.0
TWSE,2026-07-07,TAIEX,45479.11,-1077.28,15447467314.0,1228119421876.0,7718514.0
TWSE,2026-07-08,TAIEX,45734.41,255.3,11331191739.0,1004560446696.0,5252043.0
TWSE,2026-07-09,TAIEX,45354.61,-379.8,10483502597.0,996789429935.0,4722256.0
TWSE,2026-07-13,TAIEX,45380.52,25.91,11168410368.0,1067662107060.0,5448646.0
TWSE,2026-07-14,TAIEX,44737.95,-642.57,15548656718.0,1245206538568.0,7798338.0
TWSE,2026-07-15,TAIEX,45631.59,893.64,10421924556.0,1024385500649.0,4431963.0
TWSE,2026-07-16,TAIEX,45624.98,-6.61,10374680186.0,933180942503.0,4555916.0
TWSE,2026-07-17,TAIEX,42671.27,-2953.71,18244071063.0,1333156652944.0,10258133.0
TWSE,2026-07-20,TAIEX,42449.7,-221.57,12566601514.0,1041457434398.0,5674801.0
TWSE,2026-07-21,TAIEX,44232.87,1783.17,10050212116.0,866251695004.0,3905178.0
TWSE,2026-07-22,TAIEX,44825.78,592.91,11296458003.0,1025958396323.0,4491600.0
TWSE,2026-07-23,TAIEX,44850.81,25.03,9701104103.0,930612067733.0,4264682.0
TWSE,2026-07-24,TAIEX,43654.84,-1195.97,9573393565.0,827129512226.0,4639670.0
TWSE,2026-07-27,TAIEX,43634.19,-20.65,8980078815.0,747647200740.0,3900804.0
TWSE,2026-07-28,TAIEX,41603.36,-2030.83,12544360257.0,872574999972.0,7027670.0
TWSE,2026-07-29,TAIEX,40039.18,-1564.18,17045019383.0,1149185294964.0,8164827.0
TWSE,2026-07-30,TAIEX,39933.3,-105.88,13692579233.0,1146937829185.0,5306182.0
TWSE,2026-07-31,TAIEX,43119.75,3186.45,13813496579.0,887732405136.0,3937599.0
TWSE,2026-08-03,TAIEX,43386.41,266.66,11427047935,885506043091,4191882
TWSE,2026-08-04,TAIEX,43360.66,-25.75,11340636777,1087045875836,4751347
TWSE,2026-08-05,TAIEX,44611.60,1250.94,13207451811,1200212510521,5256070
TWSE,2026-08-06,TAIEX,44396.70,-214.90,10650583944,974054973424,4630303
TWSE,2026-08-07,TAIEX,44225.91,-170.79,9376069669,850815189087,4398054
TWSE,2026-08-10,TAIEX,44928.76,702.85,10238975923,880440723750,4441614
TWSE,2026-08-11,TAIEX,45120.72,191.96,9740372114,902052207533,4473307
TWSE,2026-08-12,TAIEX,45518.07,397.35,9972596202,892659784922,4570191
TWSE,2026-08-13,TAIEX,46021.48,503.41,11492166298,1104024642159,5240402
TWSE,2026-08-14,TAIEX,45811.01,-210.47,11975502093,1109746702006,5369692
TWSE,2026-08-17,TAIEX,45857.27,46.26,10616088292,981055134845,4740651
TWSE,2026-08-18,TAIEX,45308.68,-548.59,10333808272,1007881760816,5224454
TWSE,2026-08-19,TAIEX,44719.35,-589.33,10230116335,890269743542,4880908
TWSE,2026-08-20,TAIEX,44933.74,214.39,9068926422,834412514041,4140846
TWSE,2026-08-21,TAIEX,45224.29,290.55,8208832354,754905335886,3751488
TWSE,2026-08-24,TAIEX,44762.32,-461.97,8082548083,656280679689,3876321
TWSE,2026-08-25,TAIEX,45169.46,407.14,8831346453,724258445490,4106735
TWSE,2026-08-26,TAIEX,45832.62,663.16,9809666418,843092483357,4111041
TWSE,2026-08-27,TAIEX,45975.22,142.60,10576672265,967466055186,4529035
TWSE,2026-08-28,TAIEX,46331.45,356.23,11093847809,1068985392591,4945504
TWSE,2026-08-31,TAIEX,46128.47,-202.98,13539824225,1289228143090,5069097
TWSE,2026-09-01,TAIEX,46948.72,820.25,13000849196,1187571567117,5301801
TWSE,2026-09-02,TAIEX,46164.72,-784.00,10824863832,976499979054,5093402
TWSE,2026-09-03,TAIEX,45857.66,-307.06,11201667577,993261606190,5471695
TWSE,2026-09-04,TAIEX,46551.13,693.47,9267046831,858244966564,4020260
TWSE,2026-09-07,TAIEX,47326.27,775.14,11024654794,997944843239,5043482
TWSE,2026-09-08,TAIEX,47105.78,-220.49,9521469130,922658079092,4777144
TWSE,2026-09-09,TAIEX,47183.36,77.58,9258080220,815976678108,4148302
TWSE,2026-09-10,TAIEX,46940.49,-242.87,8675764818,750742811639,4045306
TWSE,2026-09-11,TAIEX,46184.85,-755.64,10111607761,762245189934,4824572
TWSE,2026-09-14,TAIEX,45862.52,-322.33,8822022033,665316266033,4064716
TWSE,2026-09-15,TAIEX,45511.49,-351.03,8228715551,634706804618,3947260
TWSE,2026-09-16,TAIEX,45848.90,337.41,8352607880,675969528562,3400805
