announce_date,announce_time,company_id,company_name,subject,matched_clause,event_date,detail
2024-12-31,17:30:49,3413,京鼎,"代子公司UNIEQ INTEGRATED TECHNOLOGY CO.,LTD公告
簽訂工程合同(第二期款)",,2024-12-31,"1.契約種類:廠房工程合約
2.事實發生日:113/12/31~113/12/31
3.契約相對人及其與公司之關係:
ACTER TECHNOLOGY CO.,LTD.
4.契約主要內容（含契約總金額、預計參與投入之金額及契約起迄日期）
、限制條款及其他重要約定事項:
1.合約金額：泰銖2,280,000,000元(未稅) 
2.契約起迄日期：簽約日~114年第二季 
3.限制條款及其他重要約定事項：無
5.專業估價者事務所或公司名稱及其估價結果:
無
6.不動產估價師姓名:
無
7.不動產估價師開業證書字號:
無
8.取得之具體目的:
興建廠房，供營運所需
9.本次交易表示異議之董事意見:
不適用
10.本次交易為關係人交易:否
11.董事會通過日期:
1.民國 年 月 日 
2.不適用，請寫原因 
(以上文字請自行增刪)
12.監察人承認或審計委員會同意日期:
1.民國 年 月 日 
2.不適用，請寫原因 
(以上文字請自行增刪)
13.估價報告是否為限定價格、特定價格或特殊價格:否或不適用
14.是否尚未取得估價報告:否或不適用
15.尚未取得估價報告之原因:
不適用
16.估價結果有重大差異時，其差異原因及會計師意見:
不適用
17.會計師事務所名稱:
不適用
18.會計師姓名:
不適用
19.會計師開業證書字號:
不適用
20.其他敘明事項:
1.台幣對泰銖匯率:0.965
2.第一期款已於113.8.22公告泰銖 920,000,000元(未稅)"
2024-12-31,17:32:05,2371,大同,公告本公司財務長異動,,,"1.人員變動別（請輸入發言人、代理發言人、重要營運主管(如:執行長、營運長、
行銷長及策略長等)、財務主管、會計主管、公司治理主管、資訊安全長、研發主管、
內部稽核主管或訴訟及非訟代理人）:財務長
2.發生變動日期:113/12/31
3.舊任者姓名、級職及簡歷:柳夜沙/大同(股)公司財務長
4.新任者姓名、級職及簡歷:無
5.異動情形（請輸入「辭職」、「職務調整」、「資遣」、「退休」、「死亡」、「新
任」或「解任」）:辭職
6.異動原因:辭職
7.生效日期:113/12/31
8.其他應敘明事項:無"
2024-12-31,17:32:17,6618,永虹先進,"公告本公司預估未來三個月現金收支情形
及銀行可使用融資額度情形",,2024-12-31,"1.事實發生日:113/12/31
2.公司名稱:永虹先進材料股份有限公司
3.與公司關係(請輸入本公司或子公司):本公司
4.相互持股比例:不適用
5.發生緣由:
櫃買中心110年6月18日證櫃審字第1100059345號函辦理
(1)    預估未來三個月現金收支情形                 (單位：仟元)
  ---------------------------------------------------------
   項目/月份	  114年01月     114年02月     114年03月
    -------------------------------------------------------
    期初餘額	   537,368       460,890       427,078
    現金流入	   -51,741             0             0
    現金流出       24,737        33,812        48,250
    期末餘額	   460,890       427,078       378,828
    --------------------------------------------------------


(2)	銀行可使用融資額度情形                     (單位：仟元)
    --------------------------------------------------------
    項目/月份	  114年01月     114年02月     114年03月
    --------------------------------------------------------
    融資額度	    16,000        16,000         16,000
    已用額度	    16,000        16,000         16,000
    額度餘額  	         0             0              0
    --------------------------------------------------------
6.因應措施:依主管機關規定公告。
7.其他應敘明事項(若事件發生或決議之主體係屬公開發行以上公司，
本則重大訊息同時符合證券交易法施行細則第7條第9款所定
對股東權益或證券價格有重大影響之事項):無。"
2024-12-31,17:34:14,6737,秀育,本公司背書保證之主要債務人無法償付到期之債務,,2024-12-31,"1.關係人或主要債務人或其連帶保證人名稱：:錸鑫新能源科技股份有限公司
2.事實發生日:113/12/31
3.發生緣由:錸鑫新能源科技股份有限公司(以下簡稱錸鑫新)於113年度間向上海商業
儲蓄銀行員林分行之融資借款時，本公司係考量為直接持有錸鑫新表決權之股份超
過百分之五十之公司提供背書保證，然因上海商銀收受扣押錸鑫新存款之命令，並
已寄出存證信函予錸鑫新及副本本公司，要求錸鑫新於文到五日內排除前開扣押之
情事；由於錸鑫新目前因與供應商有採購儲能櫃之商業爭議，目前尚在調解中，因
暫時停業且帳上無足夠資金得以償還，故本公司於113年12月31日召開臨時董事會
通過，擬依背書保證之約定，資金貸與錸鑫新之金額以新台幣17,000仟元為上限，
並於錸鑫新償還上海商銀借款後，本公司擬解除該借款合約之背書保證額度。
4.債權種類或背書保證金額及其所占資產比例:銀行借款金額新台幣17,000仟元，
占本公司113年第二季合併財務報告之資產總額0.48%。
5.債權有無保全措施:無。
6.預計可能損失:上限為新台幣17,000仟元整。
7.因應措施:子公司錸鑫新已暫停營業，後續將視其與供應商商議狀況及儲能櫃市場
之發展衡量是否繼續營運，且本公司將估列可能之損失。
8.其他應敘明事項 :本事件對本公司營運無重大影響。"
2024-12-31,17:34:23,7767,仁大資訊,公告本公司業務主管異動,,,"1.人員變動別（請輸入發言人、代理發言人、重要營運主管
(如:執行長、營運長、行銷長及策略長等)、訴訟及非訴訟代理人、
財務主管、會計主管、公司治理主管、資訊安全長、研發主管
或內部稽核主管）:業務協理
2.發生變動日期:113/12/31
3.舊任者姓名、級職及簡歷:游仲淇 仁大資訊股份有限公司 業務協理
4.新任者姓名、級職及簡歷:無
5.異動情形（請輸入「辭職」、「職務調整」、「資遣」、
「退休」、「死亡」、「新任」或「解任」）:辭職
6.異動原因:職涯規劃
7.生效日期:113/12/31
8.其他應敘明事項:無。"
2024-12-31,17:35:00,7767,仁大資訊,公告本公司新任越南子公司總經理,,,"1.人員變動別（請輸入發言人、代理發言人、重要營運主管
(如:執行長、營運長、行銷長及策略長等)、訴訟及非訴訟代理人、
財務主管、會計主管、公司治理主管、資訊安全長、研發主管
或內部稽核主管）:越南子公司總經理
2.發生變動日期:114/01/01
3.舊任者姓名、級職及簡歷:不適用
4.新任者姓名、級職及簡歷:
王念慈/世新大學 新聞系畢業
沛博科技股份有限公司 業務總監
富連網股份有限公司 業務總監
5.異動情形（請輸入「辭職」、「職務調整」、「資遣」、
「退休」、「死亡」、「新任」或「解任」）:新任
6.異動原因:因應設立越南子公司，新聘任。
7.生效日期:114/01/01
8.其他應敘明事項:無。"
2024-12-31,17:37:31,2201,裕隆,公告本公司法人董事代表人異動,,,"1.發生變動日期:113/12/31
2.法人名稱:財團法人嚴慶齡工業發展基金會
3.舊任者姓名:黃日燦
4.舊任者簡歷:裕隆汽車製造(股)公司董事
5.新任者姓名:廖建順
6.新任者簡歷:裕隆經管企業(股)公司副總經理
7.異動原因:法人董事改派代表人
8.原任期（例xx/xx/xx至xx/xx/xx）:111/07/01至114/06/30
9.新任生效日期:114/01/01
10.其他應敘明事項:無"
2024-12-31,17:37:52,2201,裕隆,"代重要子公司裕隆(中國)汽車投資有限公司公告
法人董事改派代表人暨董事變動達三分之一",,,"1.發生變動日期:113/12/31
2.選任或變動人員別（請輸入法人董事、法人監察人、獨立董事、自然人董事
  或自然人監察人）:法人董事
3.舊任者職稱及姓名:蔡文榮
4.舊任者簡歷:裕隆日產汽車(股)公司董事
5.新任者職稱及姓名:廖建順
6.新任者簡歷:裕隆經管企業(股)公司副總經理
7.異動情形（請輸入「辭職」、「解任」、「任期屆滿」、「逝世」或「新任」）:新任
8.異動原因:法人董事改派代表人
9.新任者選任時持股數:不適用
10.原任期（例xx/xx/xx ~ xx/xx/xx）:113/09/27 ~ 116/09/26
11.新任生效日期:114/01/01
12.同任期董事變動比率:1/3
13.同任期獨立董事變動比率:不適用
14.同任期監察人變動比率:0
15.屬三分之一以上董事發生變動（請輸入是或否）:是
16.其他應敘明事項(若事件發生或決議之主體係屬公開發行以上公司，本則重大訊息同時
   符合證券交易法施行細則第7條第6款所定對股東權益或證券價格有重大影響之事項):無"
2024-12-31,17:38:31,2348,海悅,公告本公司處分有價證券,,,"1.證券名稱:
新應材股份有限公司
2.交易日期:113/2/15~113/12/31
3.交易數量、每單位價格及交易總金額:
交易數量：494仟股
每單位價格：平均每股631.05元
交易總金額：311,738,466元
4.處分利益（或損失）（取得有價證券者不適用）:
新台幣161,556,770元
5.與交易標的公司之關係:
無
6.迄目前為止，累積持有本交易證券（含本次交易）之數量、金額、持股
比例及權利受限情形（如質押情形）:
累積數量:872,012股
累積金額: 586,461,292元
持股比例：1.06%
權利受限情形：無
7.迄目前為止，依「公開發行公司取得或處分資產處理準則」第三條所列之有價證券投
資（含本次交易）占公司最近期財務報表中總資產及歸屬於母公司業主之權益之比例
暨最近期財務報表中營運資金數額:
占總資產比例:2.08%
占母公司業主之權益比例:6.99%
營運資金:新台幣11,077,034仟元
8.取得或處分之具體目的:
充實營運資金
9.本次交易表示異議董事之意見:
不適用
10.本次交易為關係人交易:
否
11.交易相對人及其與公司之關係:
無
12.董事會通過日期:
不適用
13.監察人承認或審計委員會同意日期:
不適用
14.其他敘明事項:
無"
2024-12-31,17:38:40,3713,新晶投控,公告本公司營運長異動,,,"1.人員變動別（請輸入發言人、代理發言人、重要營運主管
(如:執行長、營運長、行銷長及策略長等)、財務主管、會計
主管、公司治理主管、資訊安全長、研發主管、內部稽核主管或訴訟及非
訟代理人）:營運長
2.發生變動日期:113/12/31
3.舊任者姓名、級職及簡歷:陳清海、建興電子資深副總暨幕僚長
4.新任者姓名、級職及簡歷:無
5.異動情形（請輸入「辭職」、「職務調整」、「資遣」、
「退休」、「死亡」、「新任」或「解任」）:職務調整
6.異動原因:職務調整為顧問
7.生效日期:114/01/01
8.其他應敘明事項:無。"
2024-12-31,17:39:17,3713,新晶投控,"代重要子公司頂晶科技股份有限公司
公告經理人異動案",,,"1.董事會決議日期或發生變動日期:113/12/31
2.人員別（請輸入董事長或總經理）:總經理
3.舊任者姓名:陳清海
4.舊任者簡歷:前建興電子資深副總暨幕僚長
5.新任者姓名:無
6.新任者簡歷:無
7.異動情形（請輸入「辭職」、「解任」、「任期屆滿」、「職務調整」、「資遣」、
「退休」、「逝世」或「新任」）:職務調整
8.異動原因:職務調整為顧問
9.新任生效日期:無
10.其他應敘明事項(若事件發生或決議之主體係屬公開發行以上公司，
本則重大訊息同時符合證券交易法施行細則第7條第6款所定
對股東權益或證券價格有重大影響之事項):無"
2024-12-31,17:40:42,5876,上海商銀,代子公司上海商業銀行有限公司公告委任候任行政總裁,,,"1.董事會決議日期或發生變動日期: 114/01/02
2.人員別（請輸入董事長或總經理）: 候任行政總裁
3.舊任者姓名: 不適用
4.舊任者簡歷: 不適用
5.新任者姓名: 林永德
6.新任者簡歷: 星展銀行(香港)有限公司前董事總經理兼企業及機構銀行副總監
7.異動情形（請輸入「辭職」、「解任」、「任期屆滿」、「職務調整」、「資遣」、
「退休」、「逝世」或「新任」）: 新任
8.異動原因: 新任
9.新任生效日期: 114年1月2日
10.其他應敘明事項(若事件發生或決議之主體係屬公開發行以上公司，本則重大訊息同時
   符合證券交易法施行細則第7條第6款所定對股東權益或證券價格有重大影響之事項):
林永德先生獲委任為上海商業銀行有限公司候任行政總裁，於114年1月2日起生效。"
2024-12-31,17:40:42,8383,千附,公告本公司獨立董事辭職,,,"1.發生變動日期:113/12/31
2.選任或變動人員別（請輸入法人董事、法人監察人、獨立董事、
自然人董事或自然人監察人）:獨立董事
3.舊任者職稱及姓名:獨立董事：許旭輝
4.舊任者簡歷:本公司獨立董事
5.新任者職稱及姓名:無
6.新任者簡歷:不適用
7.異動情形（請輸入「辭職」、「解任」、「任期屆滿」、「逝世」或「新任」）:辭職
8.異動原因:個人規劃
9.新任者選任時持股數:不適用
10.原任期（例xx/xx/xx ~ xx/xx/xx）:113/05/30-116/05/29
11.新任生效日期:不適用
12.同任期董事變動比率:1/8
13.同任期獨立董事變動比率:1/4
14.同任期監察人變動比率:不適用
15.屬三分之一以上董事發生變動（請輸入是或否）:否
16.其他應敘明事項(若事件發生或決議之主體係屬公開發行以上公司，
本則重大訊息同時符合證券交易法施行細則第7條第6款所定
對股東權益或證券價格有重大影響之事項):
(1)本公司於113/12/31接獲辭職書，該獨立董事自113/12/31起辭任。"
2024-12-31,17:41:03,6947,台鎔科技,本公司董事會決議召開114年第1次股東臨時會相關事宜,,,"1.董事會決議日期:113/12/31
2.股東臨時會召開日期:114/03/05
3.股東臨時會召開地點:桃園巿觀音區大潭三路12巷2號2樓
桃園巿產業園區聯合服務中心2樓會議室
4.股東臨時會召開方式(實體股東會/視訊輔助股東會/視訊股東會，
請擇一輸入):實體股東會
5.召集事由一、報告事項:與關係人之重大交易情形報告案
6.召集事由二、承認事項:無
7.召集事由三、討論事項:無
8.召集事由四、選舉事項:1.本公司補選董事二席案。
9.召集事由五、其他議案:1.本公司解除新任董事競業禁止之限制案
10.召集事由六、臨時動議:無
11.停止過戶起始日期:114/02/04
12.停止過戶截止日期:114/03/05
13.其他應敘明事項:無"
2024-12-31,17:41:10,8383,千附,公告本公司審計委員會委員辭職,,,"1.發生變動日期:113/12/31
2.功能性委員會名稱:審計委員會
3.舊任者姓名:許旭輝
4.舊任者簡歷:本公司獨立董事
5.新任者姓名:無
6.新任者簡歷:不適用
7.異動情形（請輸入「辭職」、「解任」、「任期屆滿」、「逝世」或「新任」）:辭職
8.異動原因:個人規劃
9.原任期（例xx/xx/xx ~ xx/xx/xx）:113/05/30-116/05/29
10.新任生效日期:不適用
11.其他應敘明事項:
(1)自113/12/31起辭任。"
2024-12-31,17:41:25,8383,千附,公告本公司薪資報酬委員會委員辭職,,,"1.發生變動日期:113/12/31
2.功能性委員會名稱:薪資報酬委員會
3.舊任者姓名:許旭輝
4.舊任者簡歷:本公司獨立董事
5.新任者姓名:無
6.新任者簡歷:不適用
7.異動情形（請輸入「辭職」、「解任」、「任期屆滿」、「逝世」或「新任」）:辭職
8.異動原因:個人規劃
9.原任期（例xx/xx/xx ~ xx/xx/xx）:113/08/12-116/05/29
10.新任生效日期:不適用
11.其他應敘明事項:
(1)自113/12/31起辭任。"
2024-12-31,17:41:42,8383,千附,公告本公司永續發展委員會委員辭職,,,"1.發生變動日期:113/12/31
2.功能性委員會名稱:永續發展委員會
3.舊任者姓名:許旭輝
4.舊任者簡歷:本公司獨立董事
5.新任者姓名:無
6.新任者簡歷:不適用
7.異動情形（請輸入「辭職」、「解任」、「任期屆滿」、「逝世」或「新任」）:辭職
8.異動原因:個人規劃
9.原任期（例xx/xx/xx ~ xx/xx/xx）:113/08/12-116/05/29
10.新任生效日期:不適用
11.其他應敘明事項:
(1)自113/12/31起辭任。"
2024-12-31,17:42:53,8234,新漢,"代重要子公司新漢智能系統股份有限公司公告-
背書保證超限之改善計劃",,2024-12-31,"1.事實發生日:113/12/31
2.公司名稱:新漢智能系統股份有限公司
3.與公司關係(請輸入本公司或子公司):子公司
4.相互持股比例:不適用
5.發生緣由:
(1)依金融監督管理委員會113年12月24日金管證審字第1130386564號函辦理。
(2)本公司之重要子公司新漢智能系統股份有限公司，因淨值下降，致背書保證
   餘額超過所定限額。
6.因應措施:
新漢智能系統股份有限公司係替其子公司創博股份有限公司的銀行融資額度提供
擔保，今因淨值下降而超過限額，已於113年12月31日改由本公司(新漢股份有
限公司)替創博股份有限公司擔保且改善完成。
7.其他應敘明事項(若事件發生或決議之主體係屬公開發行以上公司，
本則重大訊息同時符合證券交易法施行細則第7條第9款所定
對股東權益或證券價格有重大影響之事項):
(1)新漢智能系統股份有限公司及創博股份有限公司均為本公司之直/間接持股過半
   之子公司，此次擔保人的調整對股東權益並無重大影響。
(2)針對本次重要子公司背書保證超限及改善相關事宜，將提報本公司最近期董事會
   及下一次股東會。"
2024-12-31,17:46:24,2718,全心投控,公告本公司會計主管異動,,,"1.人員變動別（請輸入發言人、代理發言人、重要營運主管
(如:執行長、營運長、行銷長及策略長等)、財務主管、會計
主管、公司治理主管、資訊安全長、研發主管、內部稽核主管或訴訟及非
訟代理人）:會計主管
2.發生變動日期:113/12/31
3.舊任者姓名、級職及簡歷:黃韋齊/全心投資控股股份有限公司會計主管。
4.新任者姓名、級職及簡歷:
夏美足/全心投資控股股份有限公司會計主管。
5.異動情形（請輸入「辭職」、「職務調整」、「資遣」、
「退休」、「死亡」、「新任」或「解任」）:辭職。
6.異動原因:個人生涯規劃。
7.生效日期:113/12/31
8.其他應敘明事項:新任會計主管任命案，將提審計委員會及董事會追認。"
2024-12-31,17:46:35,9945,潤泰新,本公司簽訂景觀設計承攬契約、工程結算協議等事宜,,2024-12-31,"1.契約種類:承攬契約、結算協議
2.事實發生日:113/12/31~113/12/31
3.契約相對人及其與公司之關係:
潤德室內裝修設計工程(股)公司、子公司
4.契約主要內容（含契約總金額、預計參與投入之金額及契約起迄日期）
、限制條款及其他重要約定事項:
(1)承攬契約內容：【潤泰松居室裝景觀設計】
   承攬金額：新台幣(以下同)2,400,000(未稅)
   契約起訖日期：至2025年05月31日止
(2)結算協議內容：【潤泰左岸生活外牆石材大板買賣契約】
   結算前總價：14,625,000(未稅)
   (經112.08.11董事會通過並公告)
   追減金額：5,274,750(未稅)
   結算後總金額：9,350,250(未稅)
(3)結算協議內容：【潤泰大安富陽案公設景觀梯廳工程】
   結算前總價：89,805,446(未稅)
   (經111.12.27及112.10.19董事會通過並公告)	
   追加金額：11,919,157(未稅)
   結算後總金額：101,724,603(未稅)
5.專業估價者事務所或公司名稱及其估價結果:
不適用
6.不動產估價師姓名:
不適用
7.不動產估價師開業證書字號:
不適用
8.取得之具體目的:
景觀設計承攬、石材大板及景觀工程結算
9.本次交易表示異議之董事意見:
不適用
10.本次交易為關係人交易:是
11.董事會通過日期:
民國 113年12 月31日
12.監察人承認或審計委員會同意日期:
民國 113年12 月31日
13.估價報告是否為限定價格、特定價格或特殊價格:否或不適用
14.是否尚未取得估價報告:否或不適用
15.尚未取得估價報告之原因:
不適用
16.估價結果有重大差異時，其差異原因及會計師意見:
不適用
17.會計師事務所名稱:
不適用
18.會計師姓名:
不適用
19.會計師開業證書字號:
不適用
20.其他敘明事項:
無"
2024-12-31,17:47:02,9945,潤泰新,"公告本公司董事會決議設置永續發展委員會
及委任委員會成員",,,"1.發生變動日期:113/12/31
2.功能性委員會名稱:永續發展委員會
3.舊任者姓名:不適用
4.舊任者簡歷:不適用
5.新任者姓名:
 獨立董事 柯順雄
 獨立董事 張國鎮
 獨立董事 謝尚賢
6.新任者簡歷:
 獨立董事 柯順雄：台灣大學財務金融研究所碩士
建大聯合會計師事務所合夥會計師
新至陞科技獨立董事
矽力杰獨立董事
 獨立董事 張國鎮：State Univ.of NY at Buffalo土木系博士
國立台灣大學土木工程學系教授
國家實驗研究院地震工程研究中心主任
 獨立董事 謝尚賢：美國康乃爾大學土木與環境工程博士及碩士
國立台灣大學土木工程學系教授
國際土木與建築工程計算學會理事、理事長
7.異動情形（請輸入「辭職」、「解任」、「任期屆滿」、「逝世」或「新任」）:新任
8.異動原因:新任
9.原任期（例xx/xx/xx ~ xx/xx/xx）:不適用
10.新任生效日期:113/12/31
11.其他應敘明事項:無。"
2024-12-31,17:48:08,2891,中信金,"代台灣人壽保險（股）公司公告
決議投資台福宜號能源(股)公司",,2024-12-31,"1.標的物之名稱及性質（屬特別股者，並應標明特別股約定發行條件，如股息率等）:
台福宜號能源(股)公司之普通股及特別股
特別股發行條件：依公司章程
2.事實發生日:113/12/31~113/12/31
3.交易單位數量、每單位價格及交易總金額:
投資總股數不超過670,000,000股、每股新臺幣10元、
投資總金額不超過新臺幣6,700,000,000元
4.交易相對人及其與公司之關係（交易相對人如屬自然人，且非公司之
關係人者，得免揭露其姓名）:
台福宜號能源(股)公司、非關係人
5.交易相對人為關係人者，並應公告選定關係人為交易對象之原因及前次移
轉之所有人、前次移轉之所有人與公司及交易相對人間相互之關係、前次
移轉日期及移轉金額:
不適用
6.交易標的最近五年內所有權人曾為公司之關係人者，尚應公告關係人之取
得及處分日期、價格及交易當時與公司之關係:
不適用
7.本次係處分債權之相關事項（含處分之債權附隨擔保品種類、處分債權
如有屬對關係人債權者尚需公告關係人名稱及本次處分該關係人之債權
帳面金額:
不適用
8.處分利益（或損失）（取得有價證券者不適用）（遞延者應列表說明
認列情形）:
不適用
9.交付或付款條件（含付款期間及金額）、契約限制條款及其他重要約定
事項:
交付或付款條件（含付款期間及金額）: 依合約約定辦理；
契約限制條款及其他重要約定事項: 依合約約定辦理
10.本次交易之決定方式、價格決定之參考依據及決策單位:
本次交易之決定方式、價格決定之參考依據：依合約約定辦理；
決策單位：依本公司核決權限
11.取得或處分有價證券標的公司每股淨值:
不適用
12.迄目前為止，累積持有本交易證券（含本次交易）之數量、金額、持股
比例及權利受限情形（如質押情形）:
母公司：無持有此交易證券；
本公司：不超過670,000,000股、不超過新臺幣6,700,000,000元；
普通股不超過45%、特別股不超過88.8%、普通股：無、特別股：無；
子公司：無持有此交易證券
13.迄目前為止，依「公開發行公司取得或處分資產處理準則」第三條所列
之有價證券投資（含本次交易）占公司最近期財務報表中總資產及歸屬
於母公司業主之權益之比例暨最近期財務報表中營運資金數額:
佔總資產比例81.41%、佔歸屬於母公司業主之權益比例1054.43%
營運資金：不適用
14.經紀人及經紀費用:
不適用
15.取得或處分之具體目的或用途:
依保險法之規定，為壽險資金之運用
16.本次交易表示異議董事之意見:
否
17.本次交易為關係人交易:否
18.董事會通過日期:
不適用
19.監察人承認或審計委員會同意日期:
不適用
20.本次交易會計師出具非合理性意見:不適用
21.會計師事務所名稱:
不適用
22.會計師姓名:
不適用
23.會計師開業證書字號:
不適用
24.是否涉及營運模式變更:否
25.營運模式變更說明:
不適用
26.過去一年及預計未來一年內與交易相對人交易情形:
過去一年交易：無
預計未來一年內交易：依本公司投資決策決定
27.資金來源:
自有資金
28.其他敘明事項:
本次交易須經主管機關核准後始得投資。"
2024-12-31,17:50:19,2614,東森,"代重要子公司東森寵物雲(股)公司公告
113年股東臨時會重要決議事項",,,"1.股東臨時會日期:113/12/31
2.重要決議事項:修訂公司章程案
3.其他應敘明事項:無"
2024-12-31,17:50:44,2614,東森,公告本公司捐贈「東森慈善基金會」新台幣150萬元整,,2024-12-31,"1.事實發生日:113/12/31
2.捐贈原由:善盡企業社會責任。
3.捐贈金額:新台幣150萬元
4.受贈對象:東森慈善基金會
5.與公司關係:該基金會副董事長為本公司董事長兼總經理
6.表示反對或保留意見之獨立董事姓名及簡歷:無
7.前揭獨立董事表示反對或保留之意見:無
8.其他應敘明事項:無"
2024-12-31,17:51:05,2614,東森,"代子公司東森投資股份有限公司公告新增資金貸與金額
達最近期財務報表淨值百分之二以上",,2024-12-31,"1.事實發生日:113/12/31
2.接受資金貸與之:
(1)公司名稱:東森新媒體控股股份有限公司
(2)與資金貸與他人公司之關係:
本公司直接及間接持有90.25%表決權之子公司
(3)資金貸與之限額(仟元):257,826
(4)原資金貸與之餘額(仟元):150,000
(5)本次新增資金貸與之金額(仟元):100,000
(6)是否為董事會授權董事長對同一貸與對象分次撥貸或循環動用之資金貸與:否
(7)迄事實發生日止資金貸與餘額(仟元):250,000
(8)本次新增資金貸與之原因:
營運周轉需求
3.接受資金貸與公司所提供擔保品之:
(1)內容:
無
(2)價值(仟元):0
4.接受資金貸與公司最近期財務報表之:
(1)資本(仟元):600,000
(2)累積盈虧金額(仟元):-1,528,044
5.計息方式:
3.5%
6.還款之:
(1)條件:
一年
(2)日期:
114年12月31日
7.迄事實發生日為止，資金貸與餘額(仟元):
1,544,000
8.迄事實發生日為止，資金貸與餘額占公開發行公司最近期財務報表淨值之比率:
43.85
9.公司貸與他人資金之來源:
子公司本身
10.其他應敘明事項:
無"
2024-12-31,17:56:27,1102,亞泥,"代本公司之重要子公司亞洲水泥(中國)控股公司公告委任
獨立非執行董事。",,,"1.發生變動日期:113/12/31
2.選任或變動人員別（請輸入法人董事、法人監察人、獨立董事、自然人董事
  或自然人監察人）:獨立董事
3.舊任者職稱及姓名:李高朝
4.舊任者簡歷:行政院經濟建設委員會副主任委員、亞洲水泥公司董事。
5.新任者職稱及姓名:吳均龐
6.新任者簡歷:致伸科技股份有限公司獨立董事、遠東國際商業銀行股份有限公司董事、
德意志銀行（台灣）董事總經理。
7.異動情形（請輸入「辭職」、「解任」、「任期屆滿」、「逝世」或「新任」）:新任
8.異動原因:新任
9.新任者選任時持股數:0
10.原任期（例xx/xx/xx ~ xx/xx/xx）:不適用
11.新任生效日期:114/01/01
12.同任期董事變動比率:1/11
13.同任期獨立董事變動比率:1/4
14.同任期監察人變動比率:不適用
15.屬三分之一以上董事發生變動（請輸入是或否）:否
16.其他應敘明事項(若事件發生或決議之主體係屬公開發行以上公司，本則重大訊息同時
   符合證券交易法施行細則第7條第6款所定對股東權益或證券價格有重大影響之事項):
吳均龐獨立董事一併接任審核委員會及獨立委員會之職務。"
2024-12-31,18:00:52,2726,雅茗-KY,"代子公司Happy Lemon USA LLC公告取得美國加州
San Diego 2家門店",,2024-12-31,"1.標的物之名稱及性質（如坐落台中市北區ＸＸ段ＸＸ小段土地）:
美國加州San Diego 2家門店
2.事實發生日:113/12/31~113/12/31
3.交易單位數量（如ＸＸ平方公尺，折合ＸＸ坪）、每單位價格及交易總金額:
交易單位數量：2家門店
交易總金額：美金128萬元
每單位價格：不適用
4.交易相對人及其與公司之關係（交易相對人如屬自然人，且非公司之關
係人者，得免揭露其姓名）:
交易相對人: YELLOW LEMON LLC 及 VIOLET LEMON LLC
其與公司之關係：無
5.交易相對人為關係人者，並應公告選定關係人為交易對象之原因及前次移轉之
所有人、前次移轉之所有人與公司及交易相對人間相互之關係、前次移轉日期
及移轉金額:
不適用
6.交易標的最近五年內所有權人曾為公司之關係人者，尚應公告關係
人之取得及處分日期、價格及交易當時與公司之關係:
不適用
7.預計處分利益（或損失）（取得資產者不適用）（遞延者應列表說明
認列情形）:
不適用
8.交付或付款條件（含付款期間及金額）、契約限制條款及其他重要約定
事項:
交付或付款條件：依合約條件付款
契約限制條款：無 
其他重要約定事項：無
9.本次交易之決定方式（如招標、比價或議價）、價格決定之參考依據及
決策單位:
交易決定方式：議價
價格決定之參考依據：參考之前購買門店的專家報告做成內部評估報告.
決策單位：董事會
10.專業估價者事務所或公司名稱及其估價金額:
不適用
11.專業估價師姓名:
不適用
12.專業估價師開業證書字號:
不適用
13.估價報告是否為限定價格、特定價格或特殊價格:否或不適用
14.是否尚未取得估價報告:否或不適用
15.尚未取得估價報告之原因:
不適用
16.估價結果有重大差異時，其差異原因及會計師意見:
不適用
17.會計師事務所名稱:
不適用
18.會計師姓名:
不適用
19.會計師開業證書字號:
不適用
20.經紀人及經紀費用:
不適用
21.取得或處分之具體目的或用途:
配合營運需求
22.本次交易表示異議之董事之意見:
不適用
23.本次交易為關係人交易:否
24.董事會通過日期:
民國113 年12 月31 日
25.監察人承認或審計委員會同意日期:
民國113 年12 月31 日
26.本次交易係向關係人取得不動產或其使用權資產:否
27.依「公開發行公司取得或處分資產處理準則」第十六條規定
評估之價格:不適用
28.依前項評估之價格較交易價格為低者，依同準則第十七條規
定評估之價格:不適用
29.其他敘明事項:
無"
2024-12-31,18:06:07,9946,三發地產,公告本公司獨立董事辭任,,,"1.發生變動日期:113/12/31
2.選任或變動人員別（請輸入法人董事、法人監察人、獨立董事、自然人董事
  或自然人監察人）:獨立董事
3.舊任者職稱及姓名:獨立董事 許旭輝
4.舊任者簡歷:台灣航空貨運承攬股份有限公司/董事長
5.新任者職稱及姓名:不適用
6.新任者簡歷:不適用
7.異動情形（請輸入「辭職」、「解任」、「任期屆滿」、「逝世」或「新任」）:辭職
8.異動原因:因個人因素，自114年1月1日起辭任獨立董事
9.新任者選任時持股數:不適用
10.原任期（例xx/xx/xx ~ xx/xx/xx）:113/5/29~116/5/28
11.新任生效日期:不適用
12.同任期董事變動比率:1/7
13.同任期獨立董事變動比率:1/3
14.同任期監察人變動比率:不適用
15.屬三分之一以上董事發生變動（請輸入是或否）:否
16.其他應敘明事項(若事件發生或決議之主體係屬公開發行以上公司，本則重大訊息同時
   符合證券交易法施行細則第7條第6款所定對股東權益或證券價格有重大影響之事項):
本公司今日(113/12/31)收到獨立董事辭任書，將自114/1/1辭去獨立董事職務，
獨立董事缺額將於下次股東會補選。"
2024-12-31,18:10:48,2433,互盛電,公告本公司總經理異動,,,"1.董事會決議日期或發生變動日期:113/12/31
2.人員別（請輸入董事長或總經理）:總經理
3.舊任者姓名:翁國華
4.舊任者簡歷:互盛股份有限公司總經理
5.新任者姓名:待董事會通過另行公告
6.新任者簡歷:不適用
7.異動情形（請輸入「辭職」、「解任」、「任期屆滿」、「職務調整」、「資遣」、
「退休」、「逝世」或「新任」）:退休
8.異動原因:退休
9.新任生效日期:不適用
10.其他應敘明事項(若事件發生或決議之主體係屬公開發行以上公司，本則重大訊息同時
   符合證券交易法施行細則第7條第6款所定對股東權益或證券價格有重大影響之事項):
對公司營運及業務並無影響"
2024-12-31,18:11:19,6922,宸曜,公告本公司重要營運主管異動,,,"1.人員變動別（請輸入發言人、代理發言人、重要營運主管
(如:執行長、營運長、行銷長及策略長等)、財務主管、會計
主管、公司治理主管、資訊安全長、研發主管、內部稽核主管或訴訟及非
訟代理人）:重要營運主管
2.發生變動日期:113/12/31
3.舊任者姓名、級職及簡歷:
徐寧謙 行銷事業處歐洲事業部業務協理/本公司行銷事業處歐洲事業部業務協理
4.新任者姓名、級職及簡歷:待董事會通過任命後另行公告
5.異動情形（請輸入「辭職」、「職務調整」、「資遣」、
「退休」、「死亡」、「新任」或「解任」）:職務調整
6.異動原因:職務調整
7.生效日期:114/01/01
8.其他應敘明事項:
歐洲事業部業務主管由本公司董事長兼總經理 高明和代理。"
2024-12-31,18:12:20,2433,互盛電,公告本公司代理發言人異動,,,"1.人員變動別（請輸入發言人、代理發言人、重要營運主管(如:執行長、營運長、
行銷長及策略長等)、財務主管、會計主管、公司治理主管、資訊安全長、研發主管、
內部稽核主管或訴訟及非訟代理人）:代理發言人
2.發生變動日期:113/12/31
3.舊任者姓名、級職及簡歷:林于絹/互盛(股)公司經理
4.新任者姓名、級職及簡歷:待董事會通過另行公告
5.異動情形（請輸入「辭職」、「職務調整」、「資遣」、「退休」、「死亡」、「新
任」或「解任」）:職務調整
6.異動原因:職務調整
7.生效日期:114/01/01
8.其他應敘明事項:無"
2024-12-31,18:15:03,7814,海昌生技,公告本公司設置公司治理主管,,2024-12-31,"1.事實發生日:113/12/31
2.發生緣由:本公司設置公司治理主管
3.因應措施:崔惠君、管理部經理
4.其他應敘明事項:本公司113年12月31日董事會決議通過"
2024-12-31,18:17:27,8176,智捷,"代子公司南京智微亞通信科技有限公司
公告經法院裁定終結破產清算程序",,,"1.聲請或收到法院通知書日期:113/12/24
2.法院名稱:江蘇省南京市玄武區人民法院
3.發文日期:113/12/23
4.發文字號:(2024)蘇0102破17號之二
5.公司名稱:南京智微亞通信科技有限公司
6.與公司關係（請輸入本公司、母公司或子公司):子公司
7.若為母公司或子公司，其相互持股比例:100%
8.聲請人或重整人:南京智微亞通信科技有限公司
9.聲請或通知書內容:認可南京智微亞通信科技有限公司和解協議並終結破產清算程序。
10.負債總額:約人民幣30萬
11.處理過程:南京智微亞通信科技有限公司於113年12月18日與全體債權人達成
和解協議，和解協議執行完畢後，債務人不再承擔清償責任，向法院請求裁定認可
和解協議，並終結破產清算程序。
12.其他應敘明事項:南京智微亞通信科技有限公司未有實際營運，今法院裁定之
和解協議認可及破產清算程序完成，對本公司之財務業務並無重大影響。"
2024-12-31,18:34:02,6264,富裔,"公告本公司113年11月自結合併財務報告之負債比率
、流動比率及速動比率",,2024-12-31,"1.事實發生日:113/12/31
2.發生緣由:依據櫃檯買賣中心112/4/10證櫃監字第1120200652號函辦理。
3.財務資訊年度月份:113年11月
4.自結流動比率:277.92%
5.自結速動比率:96.45%
6.自結負債比率:75.99%
7.因應措施:於每月底前公告申報自結合併財務報告截至前一月底
之負債比率、流動比率及速動比率，直至合併財務報告負債比率
下降至70%以下。
8.其他應敘明事項:無"
2024-12-31,18:37:39,4546,長亨,"公告113年11月份自結財務報告之流動比率、速動比率及負債
比率。",,2024-12-31,"1.事實發生日:113/12/31
2.發生緣由:依證券櫃檯買賣中心證櫃審字第1090101273號函辦理。
3.財務資訊年度月份:113年11月份
4.自結流動比率:104.35%
5.自結速動比率:40.09%
6.自結負債比率:68.46%
7.因應措施:每月底前公告截至前一月底自結財務報告之流動比率、速動比率及負債
  比率。
8.其他應敘明事項:截至113年11月30日止，本公司之負債中包含依據「IFRS16 租賃」所
  估列之租賃負債計331,088千元。"
2024-12-31,18:38:46,6123,上奇,公告本公司內部稽核主管異動,,,"1.人員變動別（請輸入發言人、代理發言人、重要營運主管
(如:執行長、營運長、行銷長及策略長等)、財務主管、會計
主管、公司治理主管、資訊安全長、研發主管、內部稽核主管或訴訟及非
訟代理人）:內部稽核主管
2.發生變動日期:113/12/31
3.舊任者姓名、級職及簡歷:曹美玉/本公司稽核主管
4.新任者姓名、級職及簡歷:待補
5.異動情形（請輸入「辭職」、「職務調整」、「資遣」、
「退休」、「死亡」、「新任」或「解任」）:辭職
6.異動原因:個人生涯規劃請辭
7.生效日期:113/12/31
8.其他應敘明事項:新任內部稽核主管待董事會通過派任後將另行公告。"
2024-12-31,18:44:45,7814,海昌生技,公告本公司召開股東臨時會相關事宜,,2024-12-31,"1.事實發生日:113/12/31
2.發生緣由:本公司召開股東臨時會相關事宜
3.因應措施:不適用
4.其他應敘明事項:
一.股東臨時會召開日期:民國114/03/04
二.股東臨時會召開地點: 彰化縣秀水鄉彰水路一段485號1樓會議室
三.股東臨時會召開方式:實體股東會
四.召集事由一、討論事項:修訂本公司章程案。召集事由二、選舉事項
五.停止過戶起始日期: 114年2月3日起至114年3月4日"
2024-12-31,18:45:10,6409,旭隼,"代子公司中山旭啟電子有限公司公告向關係人(同一集團成員)
取得使用權資產",,2024-12-31,"1.標的物之名稱及性質（如坐落台中市北區ＸＸ段ＸＸ小段土地）:
標的物之名稱：中山市火炬開發區十涌路8號1號廠房一樓A區、七樓A區、八樓A區
標的物之性質：廠房(使用權資產)
2.事實發生日:113/12/31~113/12/31
3.交易單位數量（如ＸＸ平方公尺，折合ＸＸ坪）、每單位價格及交易總金額:
交易數量：17,406.22 平方米
每單位價格：人民幣 14.2309元/平方米/每月(未稅)
交易總金額：人民幣 5,944,948元(未稅)
使用權資產金額：人民幣 5,683,032元
4.交易相對人及其與公司之關係（交易相對人如屬自然人，且非公司之關
係人者，得免揭露其姓名）:
交易相對人：中山旭貴明電子有限公司
與公司之關係：關係人(同一集團成員)
5.交易相對人為關係人者，並應公告選定關係人為交易對象之原因及前次移轉之
所有人、前次移轉之所有人與公司及交易相對人間相互之關係、前次移轉日期
及移轉金額:
選定關係人為交易對象之原因：基於集團整體規劃及營運需求
前次移轉之所有人、前次移轉之所有人與公司及交易相對人間相互之關係、
前次移轉日期及移轉金額：不適用
6.交易標的最近五年內所有權人曾為公司之關係人者，尚應公告關係
人之取得及處分日期、價格及交易當時與公司之關係:
不適用
7.預計處分利益（或損失）（取得資產者不適用）（遞延者應列表說明
認列情形）:
不適用
8.交付或付款條件（含付款期間及金額）、契約限制條款及其他重要約定
事項:
交付或付款條件：每月15日前支付租金
付款期間：2025年01月01日至2026年12月31日
金額：人民幣247,706.18元/每月(未稅)
契約限制條款及其他重要約定事項：無
9.本次交易之決定方式（如招標、比價或議價）、價格決定之參考依據及
決策單位:
交易決定方式及價格參考依據：雙方議價
決策單位：董事會授權董事長
10.專業估價者事務所或公司名稱及其估價金額:
不適用
11.專業估價師姓名:
不適用
12.專業估價師開業證書字號:
不適用
13.估價報告是否為限定價格、特定價格或特殊價格:否或不適用
14.是否尚未取得估價報告:否或不適用
15.尚未取得估價報告之原因:
不適用
16.估價結果有重大差異時，其差異原因及會計師意見:
不適用
17.會計師事務所名稱:
不適用
18.會計師姓名:
不適用
19.會計師開業證書字號:
不適用
20.經紀人及經紀費用:
不適用
21.取得或處分之具體目的或用途:
供營業使用
22.本次交易表示異議之董事之意見:
無
23.本次交易為關係人交易:是
24.董事會通過日期:
依『公開發行公司取得或處分資產處理準則』第15條第2項規定，得事後再提報最近期之董事會追認(預計民國114年02月21日)
25.監察人承認或審計委員會同意日期:
審計委員會同意日期：預計民國114年02月21日
26.本次交易係向關係人取得不動產或其使用權資產:是
27.依「公開發行公司取得或處分資產處理準則」第十六條規定
評估之價格:不適用
28.依前項評估之價格較交易價格為低者，依同準則第十七條規
定評估之價格:不適用
29.其他敘明事項:
無"
2024-12-31,18:48:42,9946,三發地產,公告本公司獨立董事辭任審計委員會職務,,,"1.發生變動日期:113/12/31
2.功能性委員會名稱:審計委員會。
3.舊任者姓名:許旭輝
4.舊任者簡歷:台灣航空貨運承攬股份有限公司/董事長
5.新任者姓名:不適用
6.新任者簡歷:不適用
7.異動情形（請輸入「辭職」、「解任」、「任期屆滿」、「逝世」或「新任」）:辭職
8.異動原因:因個人因素，自114年1月1日起辭任所有董事會功能性委員會職務。
9.原任期（例xx/xx/xx ~ xx/xx/xx）:113/5/29~116/5/28
10.新任生效日期:不適用
11.其他應敘明事項:
審計委員會缺額將於下次股東會補選。"
2024-12-31,18:51:37,9946,三發地產,公告本公司獨立董事辭任功能性委員會職務,,,"1.發生變動日期:113/12/31
2.功能性委員會名稱:薪資報酬委員會、永續發展及提名委員會。
3.舊任者姓名:許旭輝
4.舊任者簡歷:台灣航空貨運承攬股份有限公司/董事長
5.新任者姓名:不適用
6.新任者簡歷:不適用
7.異動情形（請輸入「辭職」、「解任」、「任期屆滿」、「逝世」或「新任」）:辭職
8.異動原因:因個人因素，自114年1月1日起辭任所有董事會功能性委員會職務。
9.原任期（例xx/xx/xx ~ xx/xx/xx）:113/8/8~116/5/28
10.新任生效日期:不適用
11.其他應敘明事項:
功能性委員會於最近一次董事會委任。"
2024-12-31,18:58:26,6294,智基,代重要子公司志光教育科技(股)公司公告董事長異動,,,"1.董事會決議日期或發生變動日期:113/12/31
2.人員別（請輸入董事長或總經理）:董事長
3.舊任者姓名:張家旗
4.舊任者簡歷:志光教育科技股份有限公司董事長
5.新任者姓名:洪良輝
6.新任者簡歷:志光教育科技股份有限公司總經理
7.異動情形（請輸入「辭職」、「解任」、「任期屆滿」、「職務調整」、「資遣」、
「退休」、「逝世」或「新任」）:新任
8.異動原因:董事會重新推選董事長
9.新任生效日期:113/12/31
10.其他應敘明事項(若事件發生或決議之主體係屬公開發行以上公司，
本則重大訊息同時符合證券交易法施行細則第7條第6款所定
對股東權益或證券價格有重大影響之事項):無"
2024-12-31,19:09:33,3522,御嵿,"公告本公司113年11月自結合併財務報告之負債比率、
流動比率及速動比率。",,2024-12-31,"1.事實發生日:113/12/31
2.發生緣由:依據櫃檯買賣中心109/08/20證櫃監字第1090201328號函辦理。
3.財務資訊年度月份:113年11月
4.自結流動比率:45.85%
5.自結速動比率:35.70%
6.自結負債比率:73.15%
7.因應措施:於每月底前公告申報自結合併財務報告截至前一月底
之負債比率、流動比率及速動比率，直至合併財務報告負債比率
下降至60%以下。
8.其他應敘明事項:無"
2024-12-31,19:09:45,3522,御嵿,"113年12月銀行融資額度與使用情形暨未來三個月現金收支
預估情形",,2024-12-31,"1.事實發生日:113/12/31
2.公司名稱:御嵿國際股份有限公司
3.與公司關係(請輸入本公司或子公司):本公司
4.相互持股比例:不適用
5.發生緣由:依據櫃檯買賣中心109/08/20證櫃監字第1090201328號函及
檯買賣中心110/11/25證櫃監字第1100202306號函辦理。
(1)金融機構與非金融機構之融資額度與使用情形:            單位:新台幣仟元
項目                         融資額度        已借額度        融資餘額
---------                 -------------    -------------   -------------
金融機構借款
短期借款                      195,833          86,333         109,500
長期借款                      224,430　　　　 224,430               0
項目                         融資額度        已借額度        融資餘額
---------                 -------------    -------------   -------------
非金融機構借款                      0               0               0
(2)未來三個月之現金收支狀況暨資金缺口之情形:            單位:新台幣仟元
項目                          114/01         114/02          114/03
---------                 -------------   -------------   -------------
 期初金額                    177,983        217,989          170,995
 現金流入                    181,791         96,422           98,737
 現金流出                    145,197        136,828          151,135
 期末餘額                    214,577        177,583          118,597
 預計調度前資金缺口                0              0                0
 金融機構借款                  3,412         (6,588)          (6,588)
 非金融機構借款                    0              0                0
 其他                              0              0                0
 調整後期末餘額              217,989        170,995          112,009
6.因應措施:不適用。
7.其他應敘明事項(若事件發生或決議之主體係屬公開發行以上公司，
本則重大訊息同時符合證券交易法施行細則第7條第9款所定
對股東權益或證券價格有重大影響之事項):無。"
2024-12-31,19:21:26,6839,開陽能源,公告本公司及關係企業向關係人取得使用權資產,,2024-12-31,"1.標的物之名稱及性質（如坐落台中市北區ＸＸ段ＸＸ小段土地）:
1.新北市新莊區中正路6x1-3號8樓
2.新北市新莊區中正路6x1號4樓
3.高雄市左營區博愛二路36x號22樓-2
2.事實發生日:113/12/31~113/12/31
3.交易單位數量（如ＸＸ平方公尺，折合ＸＸ坪）、每單位價格及交易總金額:
1.交易單位數量:108.44坪、每單位655坪/元(未稅)
  每月租金總金額71,000元(未稅)
2.交易單位數量:173.22坪、每單位652坪/元(未稅)
  每月租金總金額113,000元(未稅)
3.交易單位數量:73.28坪、每單位587坪/元(未稅)
  每月租金總金額43,000元(未稅)
4.交易相對人及其與公司之關係（交易相對人如屬自然人，且非公司之關
係人者，得免揭露其姓名）:
交易相對人：(一)興義科技股份有限公司、(二)晁暘科技股份有限公司
其與公司之關係：(一)同一董事長(二)本公司之子公司
5.交易相對人為關係人者，並應公告選定關係人為交易對象之原因及前次移轉之
所有人、前次移轉之所有人與公司及交易相對人間相互之關係、前次移轉日期
及移轉金額:
選定關係人為交易對象之原因：集團整體營運需要
前次移轉之所有人：不適用
前次移轉之所有人與公司及交易相對人間相互之關係：不適用
前次移轉日期及移轉金額：不適用
6.交易標的最近五年內所有權人曾為公司之關係人者，尚應公告關係
人之取得及處分日期、價格及交易當時與公司之關係:
不適用
7.預計處分利益（或損失）（取得資產者不適用）（遞延者應列表說明
認列情形）:
不適用
8.交付或付款條件（含付款期間及金額）、契約限制條款及其他重要約定
事項:
付款條件：依租賃契約書約定每月付款
契約限制條款及其他重要約定：無
9.本次交易之決定方式（如招標、比價或議價）、價格決定之參考依據及
決策單位:
價格決定之參考依據：經參考鄰近區域行情並與關係人進行議價
決策單位：董事會
10.專業估價者事務所或公司名稱及其估價金額:
不適用
11.專業估價師姓名:
不適用
12.專業估價師開業證書字號:
不適用
13.估價報告是否為限定價格、特定價格或特殊價格:否或不適用
14.是否尚未取得估價報告:否或不適用
15.尚未取得估價報告之原因:
不適用
16.估價結果有重大差異時，其差異原因及會計師意見:
不適用
17.會計師事務所名稱:
不適用
18.會計師姓名:
不適用
19.會計師開業證書字號:
不適用
20.經紀人及經紀費用:
不適用
21.取得或處分之具體目的或用途:
集團整體營運需要
22.本次交易表示異議之董事之意見:
無
23.本次交易為關係人交易:是
24.董事會通過日期:
民國113年12月31日
25.監察人承認或審計委員會同意日期:
民國113年12月31日
26.本次交易係向關係人取得不動產或其使用權資產:是
27.依「公開發行公司取得或處分資產處理準則」第十六條規定
評估之價格:不適用
28.依前項評估之價格較交易價格為低者，依同準則第十七條規
定評估之價格:不適用
29.其他敘明事項:
無"
2024-12-31,19:22:35,6839,開陽能源,公告本公司董事會通過財務主管及發言人異動案,,,"1.人員變動別（請輸入發言人、代理發言人、重要營運主管
(如:執行長、營運長、行銷長及策略長等)、訴訟及非訴訟代理人、
財務主管、會計主管、公司治理主管、資訊安全長、研發主管
或內部稽核主管）:財務主管、發言人
2.發生變動日期:113/12/31
3.舊任者姓名、級職及簡歷:
財務主管:盧定鈞/本公司財務部資深協理
發言人:盧定鈞/本公司財務部資深協理
4.新任者姓名、級職及簡歷:
財務主管:詹順裕/本公司會計部資深協理
發言人:詹順裕/本公司會計部資深協理
5.異動情形（請輸入「辭職」、「職務調整」、「資遣」、
「退休」、「死亡」、「新任」或「解任」）:辭職
6.異動原因:個人生涯規劃
7.生效日期:114/01/01
8.其他應敘明事項:本公司於113年12月31日董事會通過財務主管及發言人異動案。"
2024-12-31,19:31:33,1435,中福,"本公司今日接獲商業法院延長113年12月25日113年度商
暫字第31號緊急處置之民事裁定，並向士林地院執行處陳
報此延長緊急處置裁定",,2024-12-31,"1.法律事件之當事人:
聲請人：中福國際股份有限公司
相對人：福興投資股份有限公司（兼法定代理人：黃立中）
        杰亨實業股份有限公司（兼法定代理人：黃立中）
        杰亨實業股份有限公司受託信託財產專戶（兼法定代理人：黃立中）
2.法律事件之法院名稱或處分機關:智慧財產及商業法院
3.法律事件之相關文書案號:
113年12月25日智慧財產及商業法院113年度商暫字第31號民事裁定
臺灣士林地方法院113年度司智執字第1號執行命令
113年12月31日智慧財產及商業法院113年度商暫字第31號民事裁定
4.事實發生日:113/12/31
5.發生原委(含爭訟標的):
(1)本公司前董事長黃立中在執行董事長職務期間，涉嫌以非常規
   交易方式處分本公司原控股99.99％之重要子公司福興投資
   (股)公司股份予黃立中所控之中福整合行銷股份有限公司（即
   福興股權交易案，致黃立中及所控公司得行使福興投資(股)公
   司所有高達10.32％（現為11.3％）之中福股份之選舉權，此
   部分中福持股本屬庫藏股而不得行使選舉權），因涉損害本公
   司與股東權益鉅大，故本公司前於112年6月30日向商業法
   院提起民事訴訟，請求中福整合行銷(股)公司、黃立中、林俊
   廷、黃清晏、胡立三、金志雄、胡冠屹、郭為中、廖桂珍、許　
   美瑩等人連帶返還福興投資(股)公司股份/損害賠償在案。
(2)尤為避免中福整合行銷(股)公司及黃立中在上開訴訟程序進
   行時，恣意處分福興投資(股)公司股份予第三人，致損及本公
   司原來所有福興投資(股)公司之財產權，故向商業法院聲請假
   處分保全程序。嗣經商業法院調查，於112年8月8日裁准禁
   止中福整合行銷(股)公司就福興投資(股)公司2,536萬1,397股
   股票為買賣、移轉、設定質權及其他一切處分行為之假處分民
   事裁定，後續本公司並向臺灣士林地方法院聲請強制執行，士
   林地方法院以執行命令明文禁止中福整合行銷(股)公司就其
   持有之福興投資(股)公司2,536萬1,397股股票為買賣、移轉、
   設定質權及其他一切處分行為，藉以保全本公司針對福興股權
   交易案之重要財產。
(3)後，本公司於113年12月20日收到黃立中以福興投資(股)公
   司名義提出所謂「公司內部人預定轉讓持股申報書【特定人、
   贈與或信託】」，顯示黃立中預將福興投資(股)公司現所持有高
   達11.3％中福持股，轉讓至黃立中所控杰亨實業(股)公司受託
   信託財產專戶，藉此規避商業法院前開民事假處分裁定，乃屬
   脫法行為而無效，且福興投資(股)公司欲讓與重大資產予同屬
   黃立中所控之杰亨實業(股)公司，乃屬具有重大衝突之關係人
   交易，本公司董事長陳建係福興投資(股)公司之現任董事，全
   然不知，顯見並未踐行公司法相關法規，亦屬無效。就此，本
   公司對於福興投資(股)公司將最主要之中福持股全部轉讓事，
   認屬違反商業法院原民事假處分裁定之脫法行為，且由黃立中
   個人決定，全未經福興投資(股)公司董事會及股東會決議，明
   顯有違公司法有關利益迴避及主要財產讓與之規定而均屬無
   效，故向商業法院提出聲請，不准福興投資(股)公司、杰亨實
   業(股)公司及黃立中，將福興投資(股)公司所有之中福持股讓
   與以免脫產之定暫時狀態處分及緊急處置。
(4)本公司前於113年12月25日接獲商業法院裁定，禁止福興投
   資(股)公司、杰亨實業(股)公司、杰亨實業(股)公司受託信託財
   產專戶及黃立中就杰亨實業(股)公司受託信託財產專戶之中
   福公司1,580萬1,000股股票，為買賣、移轉、設定信託、設
   定質權及其他一切處分行為之緊急處置，並向臺灣士林地方法
   院聲請強制執行，續接獲臺灣士林地方法院執行命令，禁止福
   興投資(股)公司、杰亨實業(股)公司、杰亨實業(股)公司受託信
   託財產專戶及黃立中就杰亨實業(股)公司受託信託財產專戶
   之中福公司1,580萬1,000股股票，為買賣、移轉、設定信託、
   設定質權及其他一切處分行為。
(5)為保障本公司暨股東權益，本公司前向商業法院聲請延長緊急
   處置，今日接獲113年12月31日商業法院113年度商暫字第　
   31號民事裁定，裁定主文：「本院民國113年12月25日113
   年度商暫字第31號裁定之有效期間延長三日。」，並隨即向士
   林地方法院民事執行處陳報此延長緊急處置裁定。
6.處理過程:
商業法院前已認為中福公司1,580萬1,000股股票原為福興投資(股)
公司所持有，現已經福興投資(股)公司以信託為由移轉至杰亨實業(股)
公司受託信託財產專戶，堪認中福公司1,580萬1,000股股票非無可
能再度移轉予第三人或遭其他處分，足見本件定暫時狀態之處分作出
裁定前，確有發生危害之急迫危險，有為緊急處置之必要，故商業法
院裁定主文：「禁止福興投資(股)公司、杰亨實業(股)公司、杰亨實業
(股)公司受託信託財產專戶及黃立中就杰亨實業(股)公司受託信託財
產專戶之中福公司1,580萬1,000股股票，為買賣、移轉、設定信託、
設定質權及其他一切處分行為」。今日接獲113年12月31日113年
度商暫字第31號延長緊急處置民事裁定，隨即向士林地方法院民事
執行處陳報。
7.對公司財務業務影響及預估影響金額:
本公司已依智慧財產及商業法院之延長緊急處置效力民事裁定，並
向臺灣士林地方法院陳報此延長緊急處置民事裁定，對本公司營運
及財務並無重大影響。
8.因應措施及改善情形:
本公司將依商業法院通知進行訴訟程序，並續以公開資訊觀測站發
佈重大訊息，維護本公司及股東權益，暨免之後黃立中所洽特定交
易人主張善意不知悉等不合法、無理由之抗辯。
9.其他應敘明事項(若事件發生或決議之主體係屬公開發行以上公司，本則重大訊息同時
  符合證券交易法施行細則第7條第2款所定對股東權益或證券價格有重大影響之事項):
對於黃立中利用福興投資(股)公司、杰亨實業(股)公司、杰亨實業(股)公司
受託信託財產專戶所進行之前述假藉信託轉讓中福持股之脫法行為，
刻由商業法院審理中，且為避免黃立中繼續為違法行為，商業法院已裁定
緊急處置，並准予該緊急處置之有效期間延長三日，如有第三人涉及
或協助違法行為，本公司當另行提起刑事及民事連帶賠償之追訴。"
2024-12-31,19:37:51,8444,綠河-KY,"公告本公司113年11月自結合併財務報告之負債比率、流動比率及
速動比率",,2024-12-31,"1.事實發生日:113/12/31
2.發生緣由:
 依據財團法人中華民國證券櫃檯買賣中心106年8月17日證櫃監字第1060200898
 號函辦理。
3.財務資訊年度月份:113年11月份
4.自結流動比率:14.03%
5.自結速動比率:5.8%
6.自結負債比率:87.71%
7.因應措施:
 於每月底前公告本公司上月份自結合併財務報告之負債比率、流動比率及速動
 比率。
8.其他應敘明事項:無。"
2024-12-31,19:42:15,8444,綠河-KY,公告本公司113年現金增資股款催繳時間及相關事宜,,2024-12-31,"1.事實發生日:113/12/31
2.公司名稱:綠河股份有限公司
3.與公司關係(請輸入本公司或子公司):本公司
4.相互持股比例:不適用
5.發生緣由:
 本公司113年現金增資股款繳納期限已於113年12月31日截止，惟有部分股東尚未繳納
 現金增資股款，特此催告。
6.因應措施:
 (1)茲依公司法第266條第3項準用同法第142條之規定辦理，本公司113年現金增資股
    款催款期間自114年1月2日至114年2月3日下午3點30分止。
 (2)尚未繳納股款之股東，依原繳款書規定繳款，逾期未繳款者即喪失認股權利。
 (3)催繳期間繳款之股東，本公司將於催繳期間屆滿並洽集保公司作業完備後，依其
    認購之股數，撥入股東所登記之集保帳戶。
 (4)若貴股東有任何疑問，請洽詢本公司股務代理機構：台新綜合證券股務代理部，
    地址：台北市中山區建國北路一段96號B1，電話：02-2504-8125。
7.其他應敘明事項(若事件發生或決議之主體係屬公開發行以上公司，
本則重大訊息同時符合證券交易法施行細則第7條第9款所定
對股東權益或證券價格有重大影響之事項):無"
2024-12-31,19:45:14,8444,綠河-KY,"公告本公司113年現金增資全體董事放棄認購現增股數達得認購
股數二分之一以上，並洽特定人認購",,2024-12-31,"1.事實發生日:113/12/31
2.董監事放棄認購原因:財務規劃
3.董監事姓名、放棄認購股數及其占得認購股數之比率:
 職稱     姓名                            放棄認購股數(股) 占得認購股數之比率
 董事長   謝榮輝                                589,700             100%
 董事     CHIN TAI HOLDING INC.                 328,943             100%
 董事     FORWARD THINKING LIMITED                   93             100%
 董事     PARK ISLAND ENTERPRISES LIMITED            93             100%
 獨立董事 張文隆                                 16,565             100%
4.特定人姓名及其認購股數:
 以上董事放棄認購股數部分，授權董事長洽特定人認購之。
5.其他應敘明事項:
 無"
2024-12-31,20:50:46,7768,頌勝科技,公告本公司113年度現金增資發行新股認股基準日及相關事宜,,2024-12-31,"1.事實發生日:113/12/31
2.發生緣由:公告本公司113年度現金增資發行新股認股基準日等事宜
3.因應措施:(1)董事會決議日期：113/12/03
(2)發行股數：8,008,000股
(3)每股面額：新臺幣10元
(4)發行總金額：新臺幣80,080,000元
(5)發行價格：每股新臺幣88元
(6)員工及原股東認購比例：依公司法第267條之規定，保留發行新股之15%，
計1,201,200股，由本公司員工認購，其餘85%，計6,806,800股，由原股東按
認股基準日股東名簿所載之持股比例認購。
(7)畸零股及逾期未認購股份之處理方式：認購不足一股之畸零股，由股東自
行拼湊，並自停止過戶日起五日內向本公司股務代理機構辦理之，逾期未繳納
股款者，其認股權利視為自動放棄，員工及原股東放棄認購或拼湊不足一股之
累積畸零股股份，由董事會授權董事長洽特定人按發行價格認購之。
(8)公開銷售股數：不適用
(9)本次發行新股之權利義務：其權利與義務與原發行股份相同
(10)本次增資資金用途：充實營運資金
(11)本次增資訂定時程如下：
  a.最後過戶日：114年01月20日
  b.股票停止過戶期間：自114年01月21日至114年01月25日止
  c.認股基準日：114年01月25日
  d.原股東及員工股款繳納期間：自114年02月05日至114年02月07日止
  e.特定人繳款期間：自114年02月10日至114年02月12日止
  f.增資基準日：114年02月12日
(l2)與代收及專戶存儲價款行庫訂約日期：俟正式簽約後另行公告
(13)委託代收款項機構：俟正式簽約後另行公告
(14)委託存儲款項機構：俟正式簽約後另行公告
4.其他應敘明事項:(1)本次現金增資發行新股案，業經金融監督管理委員會
113年12月31日金管證發字第1130367687號函申報生效在案。
(2)本次現金增資計劃之計畫項目、資金運用進度、預計可能產生效益等，
如因市場情況及主管機關要求或為因應客觀環境而需修正時，授權董事長
全權處理。相關契約、文件及發行相關事宜，授權董事長全權處理。"
2024-12-31,20:54:31,3045,台灣大,本公司與遠傳有關C1及C4頻率賠償訴訟更二審說明,,2023-06-14,"1.法律事件之當事人:
台灣大哥大股份有限公司(下稱台灣大或本公司)
遠傳電信股份有限公司(下稱遠傳)
2.法律事件之法院名稱或處分機關:臺灣高等法院
3.法律事件之相關文書案號:112年度重上更二字第87號
4.事實發生日:112/06/14~113/12/31
5.發生原委(含爭訟標的):
本公司與遠傳有關1715.1-1721.3/1810.1-1816.3 MHz(下稱C1頻率）及
1748.7-1754.9/1843.7-1849.9 MHz(下稱C4頻率)賠償訴訟，遠傳請求本公司
給付1,005,800,000 元及利息案，案經臺北地院、高等法院、最高法院判決、
高等法院更一審、最高法院判決後(判決內容詳本公司105/5/23、107/1/17、108/6/12、
109/8/20、112/6/14發布之重大訊息)；由高等法院更二審審理中。
6.處理過程:
高等法院112年度重上更二字第87號
原判決關於駁回遠傳後開第二項之訴及該部分假執行之聲請(並除確定部分外)
暨訴訟費用之裁判，均廢棄。
上開廢棄部分，台灣大應給付遠傳新臺幣柒億貳仟零玖拾壹萬陸仟參佰捌拾貳元，
及自民國一百零四年九月五日起至清償日止，按年息百分之五計算之利息。
其餘上訴駁回。
反訴原告(台灣大)之訴及假執行之聲請均駁回。
第一、二審（除確定部分外）及發回前第三審訴訟費用由台灣大負擔百分之七十二，
餘由遠傳負擔。
本判決第二項所命給付部分，於遠傳以新臺幣貳億肆仟萬元為台灣大供擔保後得
假執行，但台灣大以新臺幣柒億貳仟零玖拾壹萬陸仟參佰捌拾貳元為遠傳預供擔保後，
得免為假執行。
7.對公司財務業務影響及預估影響金額:對公司財務、業務無不利影響
8.因應措施及改善情形:
針對不利於本公司部分，將於收到判決書後與律師研議
9.其他應敘明事項(若事件發生或決議之主體係屬公開發行以上公司，本則重大訊息同時
  符合證券交易法施行細則第7條第2款所定對股東權益或證券價格有重大影響之事項):無"
2024-12-31,21:00:35,1737,臺鹽,代重要子公司臺鹽綠能股份有限公司公告公開標售案,,2024-12-31,"1.標的物之名稱及性質（如坐落台中市北區ＸＸ段ＸＸ小段土地）:
1.坐落台南市安南區工環路10號 屋頂型太陽光電案場
2.坐落台南市新營區新進路75號 屋頂型太陽光電案場
3.坐落苗栗縣通霄鎮內島里122號 屋頂型太陽光電案場
2.事實發生日:113/12/31~113/12/31
3.交易單位數量（如ＸＸ平方公尺，折合ＸＸ坪）、每單位價格及交易總金額:
裝置容量1922.62 kwp。
交易總金額為新台幣101,913,000元(含稅)
4.交易相對人及其與公司之關係（交易相對人如屬自然人，且非公司之關
係人者，得免揭露其姓名）:
交易相對人：臺鹽實業股份有限公司
與公司關係：本公司之母公司。
5.交易相對人為關係人者，並應公告選定關係人為交易對象之原因及前次移轉之
所有人、前次移轉之所有人與公司及交易相對人間相互之關係、前次移轉日期
及移轉金額:
選定關係人原因：公開標售，開價高者得標。
前次移轉之所有人：不適用。
前次移轉之所有人與公司及交易相對人間相互之關係：不適用
前次移轉日期及移轉金額：不適用
6.交易標的最近五年內所有權人曾為公司之關係人者，尚應公告關係
人之取得及處分日期、價格及交易當時與公司之關係:
不適用
7.預計處分利益（或損失）（取得資產者不適用）（遞延者應列表說明
認列情形）:
計處分利益18,385,000元
8.交付或付款條件（含付款期間及金額）、契約限制條款及其他重要約定
事項:
依約完成付款條件後請款，分四期。
9.本次交易之決定方式（如招標、比價或議價）、價格決定之參考依據及
決策單位:
交易決定方式及價格決定之參考依據：交易採公開招標，價格參考估價報告。
決策單位：董事會。
10.專業估價者事務所或公司名稱及其估價金額:
展茂資產管理顧問股份有限公司
估價金額：89,530,000元
11.專業估價師姓名:
不適用
12.專業估價師開業證書字號:
不適用
13.估價報告是否為限定價格、特定價格或特殊價格:否或不適用
14.是否尚未取得估價報告:否或不適用
15.尚未取得估價報告之原因:
不適用
16.估價結果有重大差異時，其差異原因及會計師意見:
不適用
17.會計師事務所名稱:
不適用
18.會計師姓名:
不適用
19.會計師開業證書字號:
不適用
20.經紀人及經紀費用:
不適用
21.取得或處分之具體目的或用途:
償還借款
22.本次交易表示異議之董事之意見:
無
23.本次交易為關係人交易:是
24.董事會通過日期:
1.民國113年12月6日
25.監察人承認或審計委員會同意日期:
1.民國113年12月6日
26.本次交易係向關係人取得不動產或其使用權資產:否
27.依「公開發行公司取得或處分資產處理準則」第十六條規定
評估之價格:不適用
28.依前項評估之價格較交易價格為低者，依同準則第十七條規
定評估之價格:不適用
29.其他敘明事項:
無"
2024-12-31,21:20:16,4934,太極,代子公司VIETNERGY有限責任公司公告向關係人處分使用權資產,,2024-12-31,"1.標的物之名稱及性質（如坐落台中市北區ＸＸ段ＸＸ小段土地）:
越南河內市國威縣國威鎮石室-國威工業區CN2區
2.事實發生日:113/12/31~113/12/31
3.交易單位數量（如ＸＸ平方公尺，折合ＸＸ坪）、每單位價格及交易總金額:
交易單位數量：建物14,220.64平方米+土地3,633.19平方米
每單位價格：每月租金越盾926,859,612元
使用權資產：越盾43,622,989,672元
4.交易相對人及其與公司之關係（交易相對人如屬自然人，且非公司之關
係人者，得免揭露其姓名）:
交易相對人:廣運越南有限責任公司
其與公司之關係:聯屬公司
5.交易相對人為關係人者，並應公告選定關係人為交易對象之原因及前次移轉之
所有人、前次移轉之所有人與公司及交易相對人間相互之關係、前次移轉日期
及移轉金額:
交易相對人選定關係人之原因：原出租方
前次移轉：不適用。
6.交易標的最近五年內所有權人曾為公司之關係人者，尚應公告關係
人之取得及處分日期、價格及交易當時與公司之關係:
不適用。
7.預計處分利益（或損失）（取得資產者不適用）（遞延者應列表說明
認列情形）:
0元
8.交付或付款條件（含付款期間及金額）、契約限制條款及其他重要約定
事項:
租期：自109/01/01-113/12/31，按月支付租金。
契約限制條款及其他重要約定事項：無
9.本次交易之決定方式（如招標、比價或議價）、價格決定之參考依據及
決策單位:
價格決定之參考依據：原租賃契約價格
決策單位:股東決議。
10.專業估價者事務所或公司名稱及其估價金額:
不適用。
11.專業估價師姓名:
不適用。
12.專業估價師開業證書字號:
不適用。
13.估價報告是否為限定價格、特定價格或特殊價格:否或不適用
14.是否尚未取得估價報告:否或不適用
15.尚未取得估價報告之原因:
不適用
16.估價結果有重大差異時，其差異原因及會計師意見:
不適用。
17.會計師事務所名稱:
不適用。
18.會計師姓名:
不適用。
19.會計師開業證書字號:
不適用。
20.經紀人及經紀費用:
不適用。
21.取得或處分之具體目的或用途:
租約到期
22.本次交易表示異議之董事之意見:
無。
23.本次交易為關係人交易:是
24.董事會通過日期:
不適用。一法人股東無董事會組織。
25.監察人承認或審計委員會同意日期:
不適用。一法人股東無監察人。
26.本次交易係向關係人取得不動產或其使用權資產:是
27.依「公開發行公司取得或處分資產處理準則」第十六條規定
評估之價格:不適用
28.依前項評估之價格較交易價格為低者，依同準則第十七條規
定評估之價格:不適用
29.其他敘明事項:
無。"
2024-12-31,21:20:54,4934,太極,代子公司VIETNERGY有限責任公司公告向關係人取得使用權資產,,2024-12-31,"1.標的物之名稱及性質（如坐落台中市北區ＸＸ段ＸＸ小段土地）:
越南河內市國威縣國威鎮石室-國威工業區CN2區
2.事實發生日:113/12/31~113/12/31
3.交易單位數量（如ＸＸ平方公尺，折合ＸＸ坪）、每單位價格及交易總金額:
交易單位數量：建物14,220.64平方米+土地3,633.19平方米
每單位價格：每月租金越盾1,543,725,398元
使用權資產：越盾72,305,310,793元
4.交易相對人及其與公司之關係（交易相對人如屬自然人，且非公司之關
係人者，得免揭露其姓名）:
交易相對人:廣運越南有限責任公司
其與公司之關係:聯屬公司
5.交易相對人為關係人者，並應公告選定關係人為交易對象之原因及前次移轉之
所有人、前次移轉之所有人與公司及交易相對人間相互之關係、前次移轉日期
及移轉金額:
交易相對人選定關係人之原因：基於業務上之整體規劃考量及集團統籌管理。
前次移轉：不適用。
6.交易標的最近五年內所有權人曾為公司之關係人者，尚應公告關係
人之取得及處分日期、價格及交易當時與公司之關係:
不適用。
7.預計處分利益（或損失）（取得資產者不適用）（遞延者應列表說明
認列情形）:
不適用。
8.交付或付款條件（含付款期間及金額）、契約限制條款及其他重要約定
事項:
付款條件：依契約規定
租賃期間：114年1月1日~118年12月31日
契約限制條款及其他重要約定事項：無
9.本次交易之決定方式（如招標、比價或議價）、價格決定之參考依據及
決策單位:
本次交易之決定方式：雙方議價。
價格決定之參考依據:建物取得成本、淨值與租金市場行情。
決策單位:股東決議。
10.專業估價者事務所或公司名稱及其估價金額:
不適用。
11.專業估價師姓名:
不適用。
12.專業估價師開業證書字號:
不適用。
13.估價報告是否為限定價格、特定價格或特殊價格:否或不適用
14.是否尚未取得估價報告:否或不適用
15.尚未取得估價報告之原因:
不適用
16.估價結果有重大差異時，其差異原因及會計師意見:
不適用。
17.會計師事務所名稱:
不適用。
18.會計師姓名:
不適用。
19.會計師開業證書字號:
不適用。
20.經紀人及經紀費用:
不適用。
21.取得或處分之具體目的或用途:
供做為辦公室及廠房使用。
22.本次交易表示異議之董事之意見:
無。
23.本次交易為關係人交易:是
24.董事會通過日期:
不適用。一法人股東無董事會組織。
25.監察人承認或審計委員會同意日期:
不適用。一法人股東無監察人。
26.本次交易係向關係人取得不動產或其使用權資產:是
27.依「公開發行公司取得或處分資產處理準則」第十六條規定
評估之價格:不適用
28.依前項評估之價格較交易價格為低者，依同準則第十七條規
定評估之價格:不適用
29.其他敘明事項:
無。"
2024-12-31,22:17:49,8499,鼎炫-KY,代子公司隆揚電子（昆山）股份有限公司公告處份理財產品,,2024-12-31,"1.標的物之名稱及性質（屬特別股者，並應標明特別股約定發行條件，如股息率等）:
中信證券股份有限公司安泰保盈本金保障型浮動收益憑證
2.事實發生日:113/12/31~113/12/31
3.交易數量、每單位價格及交易總金額:
交易金額：人民幣20,000,000元;
成交總金額：人民幣20,204,166.67元(約台幣90,706,586)
4.交易相對人及其與公司之關係（交易相對人如屬自然人，且非公司之
關係人者，得免揭露其姓名）:
交易相對人：中信證券股份有限公司；與本公司關係：無
5.交易相對人為關係人者，並應公告選定關係人為交易對象之原因及前次移
轉之所有人、前次移轉之所有人與公司及交易相對人間相互之關係、前次
移轉日期及移轉金額:
不適用
6.交易標的最近五年內所有權人曾為公司之關係人者，尚應公告關係人之取
得及處分日期、價格及交易當時與公司之關係:
不適用
7.本次係處分債權之相關事項（含處分之債權附隨擔保品種類、處分債權
如有屬對關係人債權者尚需公告關係人名稱及本次處分該關係人之債權
帳面金額:
不適用
8.處分利益（或損失）（取得有價證券者不適用）（原遞延者應列表說明
認列情形）:
處分利益人民幣204,166.67元
9.交付或付款條件（含付款期間及金額）、契約限制條款及其他重要約定
事項:
一次給付
10.本次交易之決定方式、價格決定之參考依據及決策單位:
依公司核決權限辦理。
11.取得或處分有價證券標的公司每股淨值:
不適用
12.迄目前為止，累積持有本交易證券（含本次交易）之數量、金額、持股
比例及權利受限情形（如質押情形）:
持股比例：不適用
權利受限情形：無
累計持有金額：人民幣20,000,000.00元
13.迄目前為止，依「公開發行公司取得或處分資產處理準則」第三條所列
之有價證券投資（含本次交易）占公司最近期財務報表中總資產及歸屬
於母公司業主之權益之比例暨最近期財務報表中營運資金數額（註二）:
占總資產比例：0.088 %
(2)占歸屬於母公司業主之權益比例：0.132 %
(3)營運資金數額：新台幣8,324,61仟元
14.經紀人及經紀費用:
不適用
15.取得或處分之具體目的或用途:
短期投資
16.本次交易表示異議董事之意見:
不適用
17.本次交易為關係人交易:否
18.董事會通過日期:
1.民國 年 月 日 
2.不適用，請寫原因 
3.依『公開發行公司取得或處分資產處理準則』第15條第3
項規定，得事後再提報最近期之董事會追認，
(以上文字請自行增刪)
19.監察人承認或審計委員會同意日期:
1.民國 年 月 日 
2.不適用，請寫原因 
(以上文字請自行增刪)
20.本次交易會計師出具非合理性意見:不適用
21.會計師事務所名稱:
不適用
22.會計師姓名:
不適用
23.會計師開業證書字號:
不適用
24.是否涉及營運模式變更:否
25.營運模式變更說明:

26.過去一年及預計未來一年內與交易相對人交易情形:
不適用
27.資金來源:
自有資金
28.其他敘明事項:
無"
2024-12-31,22:36:13,6841,長佳智能,公告本公司董事會通過內部稽核主管任命,,,"1.人員變動別（請輸入發言人、代理發言人、重要營運主管
(如:執行長、營運長、行銷長及策略長等)、財務主管、會計
主管、公司治理主管、資訊安全長、研發主管、內部稽核主管或訴訟及非
訟代理人）:內部稽核主管
2.發生變動日期:113/12/31
3.舊任者姓名、級職及簡歷:陳維俊，本公司暫代內部稽核主管
4.新任者姓名、級職及簡歷:陳維俊，本公司新任內部稽核主管
5.異動情形（請輸入「辭職」、「職務調整」、「資遣」、
「退休」、「死亡」、「新任」或「解任」）:新任
6.異動原因:董事會通過委任案
7.生效日期:113/12/31
8.其他應敘明事項:本公司113年12月31日審計委員會及董事會決議通過"
2024-12-31,22:42:34,4904,遠傳,本公司對台灣大哥大之民事訴訟宣判說明,,2024-12-31,"1.法律事件之當事人:本公司與台灣大哥大(以下稱台灣大)
2.法律事件之法院名稱或處分機關:臺灣高等法院（下稱高等法院）
3.法律事件之相關文書案號:112年度重上更二字第87號
4.事實發生日:113/12/31
5.發生原委(含爭訟標的):
台灣大自民國(下同)104年5月起，違約佔用由本公司在4G競標程序中標得的頻
率，本公司遂於105年7月28日起訴，請求台灣大即向國家通訊傳播委員會申請
繳回上行1748.7-1754.9、下行1843.7-1849.9MHz頻率（下稱C4），停止使用
上行1715.1-1721.3、下行1810.1-1816.3MHz頻率（下稱C1），以及請求損害
賠償。
案經臺北地院、高等法院、最高法院判決、高等法院更一審判決，最高法院110
年台上字第1407號判決：原判決關於(一)駁回上訴人遠傳電信股份有限公司請
求被上訴人台灣大哥大股份有限公司給付新臺幣柒億陸仟參佰陸拾肆萬陸仟貳佰
壹拾柒元及自民國104年9月3日起算利息、就新臺幣壹億肆仟貳佰陸拾捌萬伍
仟貳佰參拾參元自民國104年9月3日起至民國105年9月29日止及新臺幣玖仟玖
佰肆拾陸萬捌仟伍佰伍拾元自民國104年9月3日起至民國106年7月20日止利息
之上訴；(二)命被上訴人台灣大哥大股份有限公司給付、駁回其反訴，暨各該訴
訟費用部分廢棄，發回臺灣高等法院。
6.處理過程:
高等法院112年度重上更二字第87號判決:
一、原判決駁回上訴人(即遠傳電信股份有限公司)後開第二項之訴及該部份假
執行之聲請暨訴訟費用之裁判，除確定部份外均廢棄。
二、上開廢棄部份，被上訴人(即台灣大哥大股份有限公司)應給付上訴人新台
幣柒億貳仟零 玖拾壹萬陸仟參佰捌拾貳元，及自民國104年9月5日起至清償日
止，按週年百分之五計算之利息，其餘上訴駁回。
三、反訴原告之訴及其假執行之聲請均駁回。
四、第二審除確定部份外，第二審及發回前第三審訴訟費用由上訴人負擔百分
之二十八，餘由被上訴人負擔。反訴訴訟費用由反訴原告負擔。
五、本判決命給付部份，於上訴人以新台幣貳億肆仟萬元供擔保後得假執行，
但被上訴人以新台幣柒億貳仟零玖拾壹萬陸仟參佰捌拾貳元為上訴人供擔保後
得免為假執行。
7.對公司財務業務影響及預估影響金額:本案對本公司暫不會造成重大影響。
8.因應措施及改善情形:待收到法院判決書後再行研議。
9.其他應敘明事項(若事件發生或決議之主體係屬公開發行以上公司，本則重大訊息同時
  符合證券交易法施行細則第7條第2款所定對股東權益或證券價格有重大影響之事項):
無"
